ID,Title,Location,Salary,Summary
https://kr.indeed.com/viewjob?jk=0c4a502533e74aac,"Research Intern, 2021",Google 4.3 서울,,"Algorithmic Foundations of Optimization. Experience with Python, C++ and other general purpose program languages. Preferred..."
https://kr.indeed.com/viewjob?jk=0efead5f23089faa,LB그룹 2021년 상반기 대규모 수시 및 연계형 인턴,한국아브노바 서울 영등포구,,통신·모바일·게임>빅데이터·AI(인공지능)>딥러닝|인터넷·IT·통신·모바일·게임>빅데이터·AI(인공지능)> Python|마케팅·광고·홍보·조사>마케팅>마케팅기획|마케팅·광고·홍보·조사>마케팅>해외마케팅|마케팅·광고·홍보·조사...
https://kr.indeed.com/viewjob?jk=aec3afedd7bb257d,[한국자산평가] 경력직원 IT부문,한국자산평가 서울 종로구,,웹프로그래머>백엔드|인터넷·IT·통신·모바일·게임>웹프로그래머> Python|인터넷·IT·통신·모바일·게임>응용프로그래머>JAVA|인터넷·IT·통신... 통신·모바일·게임>응용프로그래머> Python|인터넷·IT·통신·모바일·게임...
https://kr.indeed.com/viewjob?jk=5a3ebf1d042e067d,[신한금융투자] 데이터사이언스팀 인턴,신한금융투자 서울 영등포구,,"희망합니다. 지원버튼을 클릭 하시면 기업 홈페이지로 이동 합니다. 직무/산업 직무별(직종) 웹프로그래머SQL, Python 응용프로그래머전산전공, Java 인공지능(AI).빅데이터클라우드, DataAnalysis 산업별(업종..."
https://kr.indeed.com/viewjob?jk=1a5921b26b0fd291,[진행중] 우리은행 AI사업부 전문직(인공지능(AI) 모델링 및 기획)...,우리은행 4.5 서울 회현동,,"알고리즘 설계/검증 및 성능 개선 업무 경력 보유 - 인공지능 포함 디지털 서비스 기획 경험자 - Python, R 등 프로그래밍 활용 역량 보유 - 은행, 카드, 보험 등 금융 분야 프로젝트 리더 경험자 우대..."
https://kr.indeed.com/viewjob?jk=aeb47694b1e660ff,[L'Oreal Korea] Data Analyst,L'Oreal 4.1 서울,,achieve target outcomes Proficiency in SQL and one of Python or R Strong understanding and hands-on experience in data...
https://kr.indeed.com/viewjob?jk=6203061bca6094ec,Data Analyst,뱅크샐러드 서울 영등포구,,"가지신 분 Business Intelligence 시스템 및 비즈니스 리포팅 툴의 활용 능력 프로그래밍 언어( Python/R, etc)를 활용하여 데이터 분석이 가능하신 분 더 나은 데이터 기반 서비스를 만들기 위해 동료들과..."
https://kr.indeed.com/viewjob?jk=f4d9d1fa351b8e0d,데이터분석가,Quandoo GmbH 서울 역삼동,,"데이터에 기반한 사고 능력 통계 기본 지식 및 모델링에 대한 이해와 활용 가능 데이터 처리 언어 (R, Python, Scala) 사용 경험 우대사항 리디 서비스 사용 경험 통계 모델링 또는 머신러닝 경험 데이터 시각화..."
https://kr.indeed.com/viewjob?jk=4698c0e2364b5576,[넥슨·엔씨소프트등] 자바·파이썬 응용SW 개발자 양성교육 · 동종업계...,한국직업전문학교 서울 구로구,,통신·모바일·게임>응용프로그래머> Python|인터넷·IT·통신·모바일·게임... 웹프로그래머> Python|인터넷·IT·통신·모바일·게임>웹프로그래머>웹개발|인터넷·IT·통신·모바일·게임>빅데이터·AI(인공지능)> Python|인터넷...
https://kr.indeed.com/viewjob?jk=d17da0baecf05910,데이터 분야 경력,LG CNS 3.7 서울,,"해가 뛰어난 자 - R, Python, SAS, SQL 등 활용 역량 우대사항(해당 내용 중 1개 이상) - ML/DL 경험 인력 우대 - 관련 분야 석사 이상 학위 소지자 우대 - R, Python등 데이터분석 모델링 경험..."
https://kr.indeed.com/viewjob?jk=641ae0914b7eb183,농업정책보험금융원 신규직원,농업정책보험금융원 서울,,"제출 통계 패키지*를 활용하여 통계, 응용통계 및 데이터 분석 업무 경력이 1년 이상인 자 * SAS, R, python 등 * 경력증명서(담당업무 혹은 소속부서로 업무 추정이 가능할 경우 소속부서가 명시되어야 함) 제출..."
https://kr.indeed.com/viewjob?jk=ecaf2f872591cfee,[한국자산평가] 인턴 IT부문,한국자산평가 서울 종로구,,웹프로그래머>백엔드|인터넷·IT·통신·모바일·게임>웹프로그래머> Python|인터넷·IT·통신·모바일·게임>응용프로그래머>JAVA|인터넷·IT·통신... 통신·모바일·게임>응용프로그래머> Python|인터넷·IT·통신·모바일·게임...
https://kr.indeed.com/viewjob?jk=090f509f2c688949,[신입/정규] 광고솔루션(python),니트머스 서울 명동,"연봉 28,000,000원","명동1가) (명동1가, 보림빌딩 11층) 인근지하철 직무내용 [담당업무] ㆍ온라인 광고 플랫폼 개발 ㆍ Python 기반 프론트엔드/백엔드 서비스 개발 ㆍPHP 기반 웹 서비스 개발 [우대사항] ㆍ정보처리기사 자격증..."
https://kr.indeed.com/viewjob?jk=54e0d08c99dcf507,MI(Market Intelligence)담당 마케팅 전략 경력사원,LG전자 3.8 서울 영등포구,,"AL이상 성적에 대하여 1개 이상 보유 4) 우대 사항 - 통계 분석 및 프로그래밍 언어 역량 보유: R, python, Java, SPSS, Tableau, etc. - 영어 능통 역량: 해외법인과 영어 화상 회의 및 현지..."
https://kr.indeed.com/viewjob?jk=39415005286fc3dd,석유화학사업본부 AI/BIg Data 분야 경력사원,LG화학 서울 영등포구,,모델 구축 (연간 과제 수행 건수 : 3~4건) - 주요 언어는 Python이며 R도 가능(C등 Compiler 언어는 미사용) - Decision... 알고리즘 활용 역량 - Python/C++/Java/C# 프로그램 역량...
https://kr.indeed.com/viewjob?jk=47b590bd7b698351,퀀트투자팀 직원(신입 또는 경력),에이치디씨자산운용 대한민국,,학력 소지자 - 해당 업무경력 2년 이상의 경력자 우대 - Passive 상품 관련 경험자 우대 - Python 등 프로그래밍 가능한 자 - 투자자산운용사 우대 - 영어 능통자 우대 2. 전형절차 1차 서류전형...
https://kr.indeed.com/viewjob?jk=e8a4630bec0783e8,2021 Market Data Analyst - Seoul,Bloomberg 서울,,"work experience using one more programming language... Python, SQL and R Fluency in Korean and English (both spoken..."
https://kr.indeed.com/viewjob?jk=a64e1e21f61265ce,각 분야별 인재 Pool 등록,지투알 서울,,"자 - 데이터 분석 툴(Adobe Analytics 또는 Google Analytics) 유경험자 우대 - Python, R, SQL 역량 보유자 우대 - 데이터에 기반한 문제해결 능력 및 통계학적 지식 보유자 우대 - 담당..."
https://kr.indeed.com/viewjob?jk=fb3c542f0048b0f9,Software Engineer,Roku 서울,,"languages: C/C++, Python Knowledge... 분 적어도하나 이상의 컴퓨터 언어에 대한 경험이 있는 분(C/C++, Python) 네트웍과멀티스레딩 프로그래밍에 지식이 있으신 분 Data..."
https://kr.indeed.com/viewjob?jk=d8055c704bb31d85,Server Engineer (Engineering Foundation),뱅크샐러드 서울 영등포구,,"대한 지식 및 판단을 토대로 뱅크샐러드 적용 가능성 제시 자격 요건 Golang/Java(Kotlin)/ Python 중 하나 이상을 이용한 서비스 설계 및 개발 경험 보유 CS Fundamental (자료 구조, 운영체제..."
https://kr.indeed.com/viewjob?jk=e7c8c2b11f24fb43,Software Engineer,Google 4.3 서울,,"languages, including... limited to: C++, Java, C and Python. Excellent written and verbal communication skills. About..."
https://kr.indeed.com/viewjob?jk=2c4c5856662783e7,Data Analyst,IQVIA 서울,,learning / predictive modeling ) • 통계 프로그램 활용 능력 SAS / R / Python 중 최소 1가지 중급 이상의 활용능력 요구 • Communication Basic English...
https://kr.indeed.com/viewjob?jk=5d737ddb3c9e003c,프런트엔드 신입 팀원 개발자 연구원,슈카 서울 용산구,,"력서 및 자기소개서 직무/산업 직무별(직종) 웹프로그래머ASP, JSP, JAVA, SQL, .NET, Python, ASP.NET 산업별(업종) 솔루션.ASP.소프트웨어 모바일앱개발, 소프트웨어개발 SI.SM.ERP.CRM..."
https://kr.indeed.com/viewjob?jk=be95b5718905880f,AI/빅데이터/클라우드 분야 (인재 Pool),LG유플러스 3.8 서울,,"의미한 인사이트 발굴 - R, Python, SQL 등 Statistics... 등)의 다양한 솔루션을 활용하여 서비스 개발 경험자 2) Java, Python 등 프로그래밍 개발 경험 보유자 3) Container 기반 서비스..."
https://kr.indeed.com/viewjob?jk=dda4f419ad70cb8a,솔루션 개발 경력사원 채용,한화그룹 4.2 서울,,"Python 및 기타 프로그래밍 언어 능숙자(C/C++/C#/Java/PHP) 윈도우 및 리눅스 운영체제 활용 능숙자 IP 네트워크, 운영체제, 데이터베이스 등 CS 기본 지식 서버사이드스크립트( Python/PHP..."
https://kr.indeed.com/viewjob?jk=dfb21d8a8cf9dbb8,[메이저글로벌 컨설팅펌] - 금융산업 리스크관리 컨설턴트,yesconsulting 서울,,"경험여신 자동심사, 조기경보, 사후관리 등 여신업무 개선(PI) 및 자동화 컨설팅 경험- SAS, SQL, Python, R 등을 활용한 데이터분석 역량 보유자 우대- 관련 자격증 소지자 (FRM 등) 우대【 전형절차 】서류..."
https://kr.indeed.com/viewjob?jk=bca74f8f09d404ad,주식 투자 분야 PYTHON 백엔드 개발자,주)씽크풀 서울 영등포구,,통신·모바일·게임>빅데이터·AI(인공지능)>빅데이터|인터넷·IT·통신·모바일·게임>빅데이터·AI(인공지능)> Python|인터넷·IT·통신·모바일·게임>빅데이터·AI(인공지능)>머신러닝|인터넷·IT·통신·모바일·게임>데이터베이...
https://kr.indeed.com/viewjob?jk=392272f583594fd9,대기업 딥러닝 기반 영상처리 개발자 ( 판교),인파트너스 서울,,"Pytorch- Python, C/C++, Docker C/C++/C#... 머신러닝|인터넷·IT·통신·모바일·게임>빅데이터·AI(인공지능)> Python|인터넷·IT·통신·모바일·게임>시스템프로그래머>임베디드(Embedded)"
https://kr.indeed.com/viewjob?jk=2745b1d9f08b95d6,[진행중] 우리은행 MyDataACT 전문직(데이터 사이언티스트(데이터...,우리은행 4.5 서울 회현동,,"이터 분석 업무 경력 5년 이상 보유자(관련 서비스 기획, 운영 경력 합산) - 데이터 분석 관련 언어( Python, R 등) 사용 능력 및 분석 결과의 실제 서비스 적용 경험 보유자 - 적극적이고 원만한 커뮤니케이션..."
https://kr.indeed.com/viewjob?jk=e97e5ff34697d5a9,[KRAFTON] 음성 (TTS/STT) 딥러닝 엔지니어,PUBG 서울,,험을 보유하신 분 독창적인 기술 제시 및 문제 해결을 위한 프로그래밍 능력을 보유하신 분 (C/C++/ Python/shell 등) 오픈소스 기반 딥 러닝 프레임워크 활용 능력을 보유하신 분 (PyTorch/TensorFlow...
https://kr.indeed.com/viewjob?jk=25725b3c0e607311,Junior Quant Trader,Byzantine Partners 서울,,background is a plus Programming capability is mandatory (i.e. Python) Understanding of machine learning algorithm is a plus...
https://kr.indeed.com/viewjob?jk=2ad85b06dc1bc1a4,Software Quality Engineer,Electronic Arts 서울,,"process improvements Strong scripting experience with Python, Shell Scripts, Ruby, etc. Familiarity with mobile/online game..."
https://kr.indeed.com/viewjob?jk=3d0cc83899a9b37f,[개발]CI/CD 엔지니어(정규직),위메프 2.8 대한민국,,"배포 경험이 있는 분 [우대사항] - kubernetes 기반 서비스 운영경험이 있는 분 - JAVA, python 등 웹어플리케이션용 개발언어 1개 이상 경험이 있는 분 - 네트워크, 리눅스 기반 관련 지식 보유한 분..."
https://kr.indeed.com/viewjob?jk=46aa6c4cd9bc908f,[무료교육/취업연계] 2021년 혁신성장 청년인재 집중양성 교육생,한국IT교육원 서울,,통신·모바일·게임>빅데이터·AI(인공지능)>데이터분석|인터넷·IT·통신·모바일·게임>빅데이터·AI(인공지능)> Python|인터넷·IT·통신·모바일·게임>빅데이터·AI(인공지능)>머신러닝|인터넷·IT·통신·모바일·게임>빅데이터...
https://kr.indeed.com/viewjob?jk=ffd9cedb23e97344,파이썬SW 금융분야 특화 챗봇 개발 함께 할 엔지니어,파운트 서울 충정로역,,"처리 과정을 Python language로 구현 - Big data 처리를 위한 SW 개발 - Backend SW 구현, Messenger interface, DBMS I/F 구현 Requirement - Python..."
https://kr.indeed.com/viewjob?jk=8af26b37623864c4,8퍼센트 개발자 (신입/경력),8퍼센트 서울 종로구,,개발 금융 데이터 분석과 분석 플랫폼 운영 자격요건 컴퓨터 전공자 또는 웹 개발 경력 1년 이상 우대사항 Python 코드를 무리 없이 읽으실 수 있는 분 Linux/Mac 사용 가능한 분 새로운 기술에 대한 호기심을 가지신...
https://kr.indeed.com/viewjob?jk=51968ccd6c40b188,대기업 빅데이터 분석 전문가,국내 대기업 / 화물 운송업 / 조단위 이상 매출 기업 서울 중구,,"서비스 분석 경험자 우대 • 요구조건 - 대용량 DBMS 처리 - 분석 지원 언어/패키지(SQL/SAS/R/ Python/Spark) 사용가능자 또는 자격증 보유자 - 빅데이터 Tool (Hadoop, Hive, Hbase..."
https://kr.indeed.com/viewjob?jk=649ccf047c868778,"금융 데이터 분석 엔진, 로보어드바이저 개발자",에스비씨엔 서울 영등포구,,"시스템, 머신러닝, 자연어처리. 패턴분석 - 다음 언어에서 최소 한 가지 이상 능숙자: Java, C++, Python, JavaScript 우대사항 - 석사이상 컴퓨터공학 (Computer Science) 분야 또는..."
https://kr.indeed.com/viewjob?jk=c7d3e27d85495e80,Data Scientist,뱅크샐러드 서울 영등포구,,"기반 예측, 모델링 프로젝트 경험자 데이터 분석/모델링을 위한 언어 및 프레임워크 사용에 익숙하신 분 ( Python, R, SQL, Pandas, TensorFlow, Pytorch, Spark 등) 회사 내부 구성원들과..."
https://kr.indeed.com/viewjob?jk=2b09f13b5790dd69,2021년 한화시스템 방산부문 프로젝트/기간제 엔지니어 채용(상시),한화그룹 4.2 서울,,분야 경험자 [우대 요건] 무인기 GCS 개발 유경험자 SW시험/분석 도구 개발 유경험자 C/C++/C#/ Python/JAVA 프로그래밍 숙련자 0명 판교 한화인1:1문의하기 활용 지휘통제-SW 계약기간 : 입사 시...
https://kr.indeed.com/viewjob?jk=d6c05c588971df5a,백엔드 파운트 시스템 엔지니어 (현재 급여수준 이상 보장),파운트 서울 충정로역,,"경험 - Linux명령어 및shell스크립트 작성 능숙 우대사항 - Python, Java등을 이용한 프로그래밍 경험 네트워크및 서버에 대한 표준화... 립트 작성 능숙 우대사항 - Python, Java등을 이용한 프로그래..."
https://kr.indeed.com/viewjob?jk=aac8e9355cb855ac,[인재풀] 아티스트,Electronic Arts 서울,,Maya or 3D Max등의 아트웍 툴 사용 경험 Max script 또는 Mel Script의 사용 경험 C# 또는 Python 언어에 대한 이해 및 활용 능력 아트웍 관련 툴 제작 또는 플러그인 제작 경험
https://kr.indeed.com/viewjob?jk=71c47ac87bb4087e,기술 인턴 인공지능 응용 연구/개발 인턴,써로마인드로보틱스 서울 관악구,,"6개월) (협의) *모집 절차: 서류 à인터뷰(오프라인) *지원 자격: 프로그래밍 언어 활용 능력: Python, C, C++ 중 1가지 이상 데이터구조, 알고리즘 과목 이수 머신러닝과 딥러닝의 기본 개념 이해 머신러닝..."
https://kr.indeed.com/viewjob?jk=a22173d071050949,AI Scientist (NLP) (remote),MIND AI 서울 • 원격 근무,"연봉 40,000,000원 - 60,000,000원","field. * 3+ years programming experience, 2+ years in Python especially in teams. * Thorough understanding of programming..."
https://kr.indeed.com/viewjob?jk=30f2e2281788781b,[정규직] SKT 통합관제 플랫폼 개발/운영,SK 씨앤씨 4.0 서울,,"Big Data 플랫폼 구축 경험(우대) 역량/스킬 1. 필수역량 - Java, SQL 중급 이상 - Python 활용 배치 프로그램 개발 2. 우대역량 - Splunk, Hadoop, ELK - Prometheus..."
https://kr.indeed.com/viewjob?jk=f78288e880673af0,Software Engineer - Test,Roku 서울,,"experience... least one of following programming languages: Python, Ruby, Java, C++. Experience in multiple languages..."
https://kr.indeed.com/viewjob?jk=14d562d10c215572,"PHP, Python 신입/경력 정규직",비즈부스터 서울 금천구,,"주식회사 비즈부스터 PHP, Python 개발자 채용 모집부문 및 자격요건 담당업무 자격요건 인원 [담당업무]*당사의 서비스(비즈탑) 솔루션 및 서비... 프로그래머>PHP |인터넷·IT·통신·모바일·게임>웹프로그래머> Python"
https://kr.indeed.com/viewjob?jk=7cb5c3076d1701db,"Senior Field Applications Engineer, Audi...",Dolby 서울,,"High level or detailed knowledge of SOC design. C/C++, python coding skills. Knowledge of music, audio/video production..."
https://kr.indeed.com/viewjob?jk=69b1380f0d280394,스마트폰 어플리케이션 App 개발에 관심많은 전산팀원,슈카 서울 용산구,,경우 채용이 취소될 수 있습니다. 인터넷·IT·통신·모바일·게임>통신·모바일>스마트폰 어플리케이션(App)|인터넷·IT·통신·모바일·게임>웹프로그래머> Python|인터넷·IT·통신·모바일·게임>응용프로그래머>Android
https://kr.indeed.com/viewjob?jk=3f8e87e291ecd55a,"화공 신입 정규직, 인턴",에이피에스티 서울 강서구,"연봉 30,000,000원 - 35,000,000원",Python 등 프로그램에 관심자 우대 안녕하세요. ㈜에이피에스티 대표 이덕형입니다.에이피에스티는 생산공장의 안전과 효율을 극대화하는 솔루션을 공급하고 있는 회사로 경쟁력 향상을 위해 자체 솔루션도 정부의 지원과 함께 개발하...
https://kr.indeed.com/viewjob?jk=3f8e87e291ecd55a,"화공 신입 정규직, 인턴",에이피에스티 서울 강서구,"연봉 30,000,000원 - 35,000,000원",Python 등 프로그램에 관심자 우대 안녕하세요. ㈜에이피에스티 대표 이덕형입니다.에이피에스티는 생산공장의 안전과 효율을 극대화하는 솔루션을 공급하고 있는 회사로 경쟁력 향상을 위해 자체 솔루션도 정부의 지원과 함께 개발하...
https://kr.indeed.com/viewjob?jk=1ed0a0c73f723e79,신경망 연구 개발자,에스알유니버스 서울 마포구,"연봉 40,000,000원 - 50,000,000원","신입, 경력(연차무관)학력사항: 대학교(4년)졸업직무기술: 딥러닝, Python, TensorFlow, openCV[우대사항]전공계열: 공학계열... 게임>빅데이터·AI(인공지능)> Python|인터넷·IT·통신·모바일·게임..."
https://kr.indeed.com/viewjob?jk=d2b663af375143ca,[대형보험사] Data Engineer (과장급),커리어라임즈 서울,,통신·모바일·게임>빅데이터·AI(인공지능)>데이터분석|인터넷·IT·통신·모바일·게임>빅데이터·AI(인공지능)> Python|인터넷·IT·통신·모바일·게임>빅데이터·AI(인공지능)>R|인터넷·IT·통신·모바일·게임>빅데이터·AI...
https://kr.indeed.com/viewjob?jk=a3d6d5c1fad3ef7a,"Professional Services, Junior Consultant",Dell Technologies 4.0 서울,,transactions Experiences in Hadoop/MPP parallel database Python/Perl scripting experiences Here’s our story; now tell us...
https://kr.indeed.com/viewjob?jk=464ad076ec3e1fa0,CHC – Business intelligence - TOM_2136,Sanofi 4.1 서울,,"degree in related field Business-level experience with R, Python Experience owning the analytics and performance of a large..."
https://kr.indeed.com/viewjob?jk=674466316840f8f5,Senior Robotics Software Engineer,Bear Robotics 서울,,"related field Proficiency in Linux Experts in C++ and Python Preferred Experience: ROS, navigation stack Passion for robots..."
https://kr.indeed.com/viewjob?jk=3e43a9a5942002e4,[메이저그룹계열 리딩 IT 기업] AI 플랫폼 개발,yesconsulting 서울,,"및 Kubernetes 컴퓨팅 환경에서 서비스 개발 경험- 기본적인 네트워크, 스토리지에 대한 이해- Python을 활용한 서비스 개발 경험- 신기술 습득 능력 및 도전 정신이 뛰어난 분 【우대사항】 - 오픈소스..."
https://kr.indeed.com/viewjob?jk=fb7671cb525c01d4,2021년 5월 경력사원,세메스 천안 서북구,,"역량 (C++, Python, Vision Library 등) AI... 머신러닝, 데이터마이닝 기반 데이터 분석 시스템 개발 경력 Python, R, SAS 등 프로그래밍 경력 부품 표준화 Etch/물류..."
https://kr.indeed.com/viewjob?jk=ce7849f8b35e1c3e,Technical Enablement Manager,DataDog 서울,,"Kubernetes or Rancher etc.. Scripting languages like Python, Javascript, Ruby, Perl, Go, PHP, or Chef/Puppet etc.. Why You..."
https://kr.indeed.com/viewjob?jk=3cf01580ba5eb23a,NLP Researcher,AITRICS 서울,,"Stacks [Back-end] Language: python, golang Python Framework: Django, Bottle [Front... Language: python, golang Python Framework..."
https://kr.indeed.com/viewjob?jk=55584c627df1acaa,데이터 분석가/사이언티스트(신입/인턴 가능),쏘카 제주도 제주,,"Sheet) 등 데이터 분석 도구를 원활히 다루시거나, 앞으로 원활히 다루고자 하는 의지가 높으신 분 • Python, R 등의 프로그래밍 언어 혹은 데이터 분석 언어를 1개 이상 능숙하게 사용 가능하신 분 전형절차 서류..."
https://kr.indeed.com/viewjob?jk=cc44a37c1d6e7407,경력직 채용_Quant 리서치팀,한화그룹 4.2 서울,,선호하나 타 전공자도 지원 可) 2. 경력사항: 사원~대리급 - Database활용 및 운영 능력 - Python 패키지 개발 가능자 - 웹기반 시스템 개발 및 운용 능력 - Postgresql 경험자(우대) - Strong...
https://kr.indeed.com/viewjob?jk=a50fce6cc2cb57c9,자연어처리전문가 금융챗봇 만들어 갈 엔지니어,파운트 서울 충정로역,,리에 필요한 알고리즘을 개발하고 Python으로 구현 및 성능 검증을 진행... Description - 자연어 처리에 필요한 알고리즘을 개발하고 Python으로 구현 및 성능 검증을 진행 - 자연어 전처리 (형태소 분석...
https://kr.indeed.com/viewjob?jk=df21e3bb5d773616,Python Programmer,Mofac 서울 서초구,,개발 – JAVA 프로그래밍(라이브러리 활용) – Spring 프레임 워크 개발 – Python API 프로그래밍 우대사항 – Python 개발 경험 – Open Source 라이브러리 개발경험 – Web 표준에 대한 경험...
https://kr.indeed.com/viewjob?jk=36df1dfea186e63e,BIOS/Firmware Engineer,Intel 4.1 서울,,"years experience required on BIOS/Firmware - Knowledge of C, Python... other programming or scripting languages - Broad..."
https://kr.indeed.com/viewjob?jk=9c73c46ffe8286e9,Ubuntu on WSL Software Engineer,Canonical - Jobs 서울,,"contribution to an open source project. C/C++ and Python experience, preferably with an open-source project. Awareness..."
https://kr.indeed.com/viewjob?jk=993c7288a61b8fce,로봇 시스템 아키텍쳐 및 다중 분산 시스템 아키텍쳐,국내 대기업 / 화물 운송업 / 조단위 이상 매출 기업 서울 중구,,"경험 또는 물류사업 이해도를 갖춘 경력 우대 • 요구조건 - 중급 이상의 프로그래밍 언어 (C/C++, Python, JAVA) 활용능력 보유자 - 영어/중국어 회화 중급(OPIc IM2 또는 이에 상응하는 레벨) 이상..."
https://kr.indeed.com/viewjob?jk=54c36017d642bc72,플랫폼 개발자,이베이 코리아 서울 강남구,,"BackEnd 개발 경력 및 API 개발 경력 이 있으신 분 - . Net, Java, Node.js, Python등 1개 이상의 개발 언어 활용 가능 역량 이 있으신 분 - MsSQL, Oracle, Kafka, Haoop..."
https://kr.indeed.com/viewjob?jk=8af2e47298c6f85b,SAP HANA Quality Specialist,SAP 4.3 서울,,"discipline Preferred skills Knowledge of LINUX Knowledge of Python/shell-Scripting, C/C++ Using C++-Debuggers (like GDB..."
https://kr.indeed.com/viewjob?jk=7af64be2575caa06,넷크루즈 전 부문 경력직,넷크루즈 서울 구로구,,능숙자 나. Go 능숙자 다. Python 능숙자 라. 분산 처리 능숙자... 응용프로그래머>JAVA|인터넷·IT·통신·모바일·게임>응용프로그래머> Python|인터넷·IT·통신·모바일·게임>빅데이터·AI(인공지능)> Python
https://kr.indeed.com/viewjob?jk=ab38178e6071aa0f,"Engr, Apps Dev 2",KLA-Tencor 대한민국,,"working effectively with different cultures. Matlab/ Python experience is a plus. We offer a competitive, family friendly..."
https://kr.indeed.com/viewjob?jk=c02d97ecb536d3d5,Senior Consultant,Nutanix 서울,,experience in one or more... following languages: Perl/ Python/Ruby/Java/Powershell/Unix Scripting Good knowledge...
https://kr.indeed.com/viewjob?jk=431c80cac460aa33,Software Engineer,Bear Robotics 서울,,"개발하며 운영합니다. 로봇에서 수집되는 데이터 처리하며 프로세스 자동화 환경을 구축합니다. 자격 요건 Python 개발 경력 3년 이상 혹은 그에 준하는 실력을 갖추신 분 기본적인 개발능력 (알고리즘, 자료구조, 운영체제..."
https://kr.indeed.com/viewjob?jk=44f16e94e3e6b589,"Staff Software Engineer, Maps & Navigati...",Tesla 서울,,"industry Fluency in English Proficient in one of C++, Python Experience writing and shipping customer-facing code High..."
https://kr.indeed.com/viewjob?jk=73135d5640b648a8,(HW 직군) FPGA 설계,한화그룹 4.2 서울,,"SW Tool 활용, HW RTL, FPGA 주변 HW 회로 이해 및 설계 보유역량 - C, C++, python 가능, VHDL, Verilog HDL 경험 - FPGA SW(Xilinx) 및 HW 설계 경험 - 기본..."
https://kr.indeed.com/viewjob?jk=6dd6df0289d55d06,Support Engineer,Microsoft 4.2 서울,,"script-based development environments and tools (PERL, Python, Ruby, PhP, etc.) • Experience in Core Linux administration..."
https://kr.indeed.com/viewjob?jk=c0e0dfb0e7ae9f7f,연구센터 데이터 엔지니어 경력자,LG전자 3.8 서울특별시,,"Linux 개발 환경에 익숙하고, Python 혹은 Java 등 프로그래밍... 데이터 파이프라인 및 솔루션을 설계하고 구축한 경험 우대 사항 - Python Data & Analytics 라이브러리 경험 (NLTK, Spacy..."
https://kr.indeed.com/viewjob?jk=3c516818303c4d51,Application Engineer (Silicondash),Synopsys 서울,,"disk access Programming skill of TCL, Perl, JavaScript or Python Good documentation and reporting skills are required Our..."
https://kr.indeed.com/viewjob?jk=79d51413840f92a2,(HW 직군) 카메라 ISP/SoC 설계 및 검증,한화그룹 4.2 서울,,"Language 필수, Python 가능 - Image Processing... 설계, System-Verilog 및 UVM 설계 - C/C++, Python 가능, Timing report 분석 가능(DC, PT) O명 판교..."
https://kr.indeed.com/viewjob?jk=dbe3257e487e5814,[AI/Lab] AI 백엔드 엔지니어 (전문연구요원 가능),버즈니 서울,,"플랫폼 및 시스템 구축 이런 분을 찾습니다 주도적으로 문제를 찾고, 해결할 수 있는 능력을 보유하신 분 Python 사용 경험이 있으신 분 다음 항목 중 두 가지 이상에 해당되는 분 AWS 혹은 GCP와 같은 클라우드 플랫폼..."
https://kr.indeed.com/viewjob?jk=4adac8923476d038,프랭클린템플턴투신운용 Junior Trader (Quant base 필수...,프랭클린템플턴투신 대한민국,,"object-oriented programming and intermediate programming proficiency in Python, R or MATLAB, and SQL are essential. Licenses..."
https://kr.indeed.com/viewjob?jk=d41bc3797321bc87,Brion Field Application Engineer,ASML 대한민국,,Linux/Unix OS - Preferredto have high-level programming skill for python and lualanguage. *Working Location : Icheon
https://kr.indeed.com/viewjob?jk=9d4dcd9b1c3270c8,RF SW Engineer,Qualcomm CDMA Technologies (Korea) YH 서울,,programming skill in C/C++ - Visual C++ / Java / Python programming skill is plus - Strong experience in RF software...
https://kr.indeed.com/viewjob?jk=b5d0fb51bc768703,Deep Learning Systems Research Engineer...,Qualcomm Korea YH 서울,,"PyTorch, TensorFlow... Good programming skills in Python/C/C++ - Good communication and presentation skills Preferred..."
https://kr.indeed.com/viewjob?jk=409c1253b2dde75b,동국대학교 데이터분석팀 연구원(계약직) 채용공고,동국대학교 4.3 서울 필동,,"자 4) 남자의 경우 병역필 또는 면제자 5) 한글, MS OFFICE 등 기본 문서작업 가능자 6) Python, R 프로그래밍 언어 사용 가능자 우대 2. 모집인원 : O명 3. 근무조건 및 계약기간 구 분..."
https://kr.indeed.com/viewjob?jk=84fd9f9deb6105b0,"웹개발, Python 외 신입/경력 계약직",쿠바로엠앤씨 서울 강서구,,"주식회사 쿠바로엠앤씨 웹개발, Python 외 신입/경력 계약직 채용 모집... 게임>웹프로그래머>웹개발|인터넷·IT·통신·모바일·게임>웹프로그래머> Python|인터넷·IT·통신·모바일·게임>웹프로그래머>백엔드|인터넷·IT·통신..."
https://kr.indeed.com/viewjob?jk=5158175feb7b77e8,"경력사원 상시채용(웹/모바일 개발, 인프라/보안)",현대아이티엔이 서울 대치동,,"서버/네트워크 인프라 지식 및 기술 보유자 [우대사항] -웹/앱/인프라 모의해킹 경험자 -프로그램( Python,, C, JAVA) 보안 개발 및 시큐어 코딩 가능자 -End-point 보안 취약점 조치 가능자 -보안..."
https://kr.indeed.com/viewjob?jk=b574f1454ae36aab,Cross Border Ecommerce - Business Intell...,Shopee 서울,,business analyst related roles Proficient in SQL and Python Strong analytical skill and sensitivity to data Strong oral...
https://kr.indeed.com/viewjob?jk=112e58d399a83a19,BIM Manager,SYSTRA 서울,,"Openroads, Navigator. Microsoft: Office 365. IT language: Python (A plus) Others: Dynamo (A plus) Job Segment: Engineer..."
https://kr.indeed.com/viewjob?jk=af1b1800c6df998a,침해시도 분석/대응 전문가,이베이 코리아 서울 강남구,,"경험 - Firewall/IPS/Botnet 탐지 솔루션 구축/운영 경험 - 업무 자동화를 위한 개발 ( Python 등) 스킬 보유 - Splunk, Elastic 활용 경험 - Private/Public Cloud 환경의..."
https://kr.indeed.com/viewjob?jk=419692b3ddb34768,Analytics Specialist,MightyHive 서울,,"end languages ( Python, NodeJS, PHP, etc... HTML5 / CSS / JavaScript, 기타 프론트 엔드 언어 ( Python, NodeJS, PHP 등) 등 읽고 쓰는 능력 기본 혜택..."
https://kr.indeed.com/viewjob?jk=dee1c9e840dc5691,Staff Field Applications Engineer,Dolby 서울,,"Dolby’s ecosystem, products, business, and customers. Python coding skills. Interest in music, game/film audio or video..."
https://kr.indeed.com/viewjob?jk=e934bb33ef71dacb,[EY한영] 금융감사본부 Data Analytics 전문 경력직 모집,Ernst & Young 4.0 대한민국,,총계정원장조정 경험자 - Python/R 등 프로그램 언어 활용 능력... PowerBI... Tableau Experience with Python/ R or other programming languages...
https://kr.indeed.com/viewjob?jk=bbbfbb33164df0e3,"Junior Software Engineer, Messaging Serv...",Sendbird 서울,,"프라 위에 안정적이고 효율적인 서비스 설계 및 구축 핵심 자격요건 Python, Java, Kotlin, Go, C++ 등 서버 사이드 프로그래밍... Understanding of Python, Java, and Event..."
https://kr.indeed.com/viewjob?jk=619fba05d132ccb1,Camera Essential Feature Designer - Came...,Qualcomm Korea YH 경기도 수원,,debugging tools for multimedia applications (Matlab/ Python etc) · Software verification and validation for approvals testing...
https://kr.indeed.com/viewjob?jk=752a4b5d63eac97c,Back-end Engineer (Python),Soomgo 서울 강남구,,숨고의 백엔드 엔지니어( Python)는 숨고의 기반 기술을 담당하는 매우... 5년 이상의 웹/앱 서비스 백엔드 시스템 개발 경험이 있는 분 • Python 언어를 활용한 개발 경험이 있는 분 • 성능 최적화에 대해 지속적으로...
https://kr.indeed.com/viewjob?jk=7a7ff40b170d1481,프런트엔드 개발에 관심많은 팀원,슈카 서울 용산구,,및 제출서류에 허위사실이 있을 경우 채용이 취소될 수 있습니다. 인터넷·IT·통신·모바일·게임>웹프로그래머> Python|인터넷·IT·통신·모바일·게임>웹프로그래머>JAVA|인터넷·IT·통신·모바일·게임>웹프로그래머>.NET...
https://kr.indeed.com/viewjob?jk=e4e7e2e0d73f981f,Data Scientist,Barbaricum 경기도 평택,,"Tools, and Techniques Demonstrated proficiency with R or Python, and SQL to manipulate data and draw insights from large..."
https://kr.indeed.com/viewjob?jk=376018f2d418c088,2021년 소프트웨어 개발자 병역특례,엠더블유스토리 서울 성북구,,게임>웹프로그래머>AJAX|인터넷·IT·통신·모바일·게임>웹프로그래머> Python|인터넷·IT·통신·모바일·게임>웹프로그래머>백엔드|인터넷·IT·통신... 터분석|인터넷·IT·통신·모바일·게임>빅데이터·AI(인공지능)> Python
https://kr.indeed.com/viewjob?jk=59db18a2366b2c92,AI 분야 박사,LG CNS 3.7 서울,,"이상 (AI 관련 논문 발표) ② AI/딥러닝 알고리즘 연구개발 프로젝트 경험 ③ Ubuntu Linux, Python, Tensorflow, PyTorch 사용 중상급 이상 우대사항(해당 내용 중 1개 이상) ① AI/머신..."
https://kr.indeed.com/viewjob?jk=d69b5a1e60c65ce6,데이터 마케팅 경력사원,LG전자 3.8 서울 영등포구,,"능력 보유자 (SQL, R, Python, Scalar, Hadoop 등... 운영 경험자 - CRM 캠페인 기획/운영 경험자 - SQL, R, Python 등 통계 패키지 활용 자격증 보유자 모집기한: ~ 본 포지션 채용 시점..."
https://kr.indeed.com/viewjob?jk=e90a62203eb6e390,Real World Evidence Science & Innovation...,Novo Nordisk 서울,,"Experience in using statistical software (e.g., R, SAS, Python, SPSS... Stata), database query (SQL) or visualization..."
https://kr.indeed.com/viewjob?jk=46fdabbaf9dfea6a,2021 요기요 신입 백엔드 개발자 (Rookie Hero 4기),Delivery Tech Hero 서울,,"R&D Center는 국내 최대의 Python 개발 조직인 동시에, 나아가 최고의 개발 조직이 되기 위해 노력합니다. Python으로 server... 다져온 우리의 Python 개발 경험은 새로이 Python 세계에 들어오고..."
https://kr.indeed.com/viewjob?jk=9f7793affee60ccc,"Sales Engineer (Pre-Sales), Korea",Recorded Future 서울,,"required Technical skills: Coding experience preferred (i.e. Python), JSON familiarity a plus Experience in an analytical..."
https://kr.indeed.com/viewjob?jk=fa817f9dde682b00,대기업 영상처리 관련 IP 개발자 (판교),인파트너스 서울,"연봉 60,000,000원 - 70,000,000원","Verification- Mentor Catapult HLS Tool 경험자- Python 가능[근무부서 및 직급/직책]직급/직책: 대리, 과장... 게임>빅데이터·AI(인공지능)> Python|인터넷·IT·통신·모바일·게임..."
https://kr.indeed.com/viewjob?jk=d3a6ba916d772b85,[인공지능기업] 병역특례 산업기능요원 (SW개발자),머니브레인 서울,,JAVA|인터넷·IT·통신·모바일·게임>웹프로그래머>JSP|인터넷·IT·통신·모바일·게임>웹프로그래머> Python|인터넷·IT·통신·모바일·게임>응용프로그래머>C·C++|인터넷·IT·통신·모바일·게임>응용프로그래머>.NET...
https://kr.indeed.com/viewjob?jk=1bd431b365bb2f77,데이터 분석 전문가,토이스미스 서울 강남구,"연봉 30,000,000원 - 40,000,000원","개발2. 분석 플랫폼 구축 프로젝트에 참여- 데이터의 수집 기획, 테스트, 실행, 개선[자격요건]- R과 Python 사용 능력- 통계, 데이터 마이닝, 데이터 모델링에 대한 이해 및 경험- MySQL, NoSQL 등 데이터..."
https://kr.indeed.com/viewjob?jk=2989900d8221bd57,Senior Data Scientist,뱅크샐러드 서울 영등포구,,"이해하고 활용하는데 어려움이 없으신 분 데이터 분석/모델링을 위한 언어 및 프레임워크 사용에 익숙하신 분 ( Python, R, SQL, Pandas, TensorFlow, Pytorch, Spark 등) 회사 내부 구성원들과..."
https://kr.indeed.com/viewjob?jk=55a19c92c845685e,Developer / Designer recruit,마이뮤직테이스트 서울 논현동,,"language (i.e Python, Ruby, Java, .Net... High proficiency in Python... knowledge... least one Python web framework..."
https://kr.indeed.com/viewjob?jk=2f0df107eb1a309d,대기업 AI NPU 개발자 (판교),인파트너스 서울,"연봉 70,000,000원 - 80,000,000원","Competencies- C/C++, Python Language... RTL Simulation and Verification- C/ Python 기반 모델 RTL 변환 가능 기술[근무부서 및 직급/직책]직급/직책: 과장..."
https://kr.indeed.com/viewjob?jk=aea07d26df8ae423,Machine Learning Researcher – Audio and...,Qualcomm Korea YH 서울,,experience in machine learning • Programming skill in Python or C/C++ • Experience in PyTorch (preferred) or TensorFlow...
https://kr.indeed.com/viewjob?jk=8248de2f3c41ef06,Data Analyst,Barbaricum 경기도 평택,,"3 years of experience. Documented proficiency with R or Python, and SQL to manipulate data and draw insights from large..."
https://kr.indeed.com/viewjob?jk=1c4f1c0b625f5abd,데이터 사이언티스트 직군 모집,넷마블 서울 구로구,,"요건 - 관련 분야 경력 3년 이상 - 정형/비정형 데이터 분석 및 모델링 가능 - 통계 분석 도구 (R, Python, Tensorflow 등) 및 SQL 사용 가능 - 다양한 직군의 사람들과 원활한 커뮤니케이션 및 협업..."
https://kr.indeed.com/viewjob?jk=464ef95516a5fa5c,8퍼센트 경력 개발자,8퍼센트 서울 종로구,,"개발업무 - 금융 서비스 개발 - Python/Django 기반 - 정해진 역할이 아닌 기능에 따른 업무 분배 - 프로트엔드부터 백엔드까지 업무 범위... SQL 기본 - git flow - python, django 경험자 우대"
https://kr.indeed.com/viewjob?jk=49d127c231640d09,Field Service Engineer,Novetta 서울,,"Experience with system administrative scripting. (bash, Python, etc.). Experience with modern server deployment techniques..."
https://kr.indeed.com/viewjob?jk=9c67573c5276da6d,AI 비전 인식 시스템 및 아키텍쳐 설계 알고리즘 개발,국내 대기업 / 화물 운송업 / 조단위 이상 매출 기업 서울 중구,,"제어 SW 개발 또는 구축 프로젝트 경험자 • 요구조건 - 프로그래밍 언어 활용 능력(C / C++, Python) - 주요 머신러닝 및 비전 패키지 활용 능력 - 리눅스OS 기반 개발 - 임베디드 시스템 개발 - DB..."
https://kr.indeed.com/viewjob?jk=2a18b5bf84c6aa36,Technical Enablement Manager - Seoul,Datadog 서울,,"Kubernetes or Rancher etc.. Scripting languages like Python, Javascript, Ruby, Perl, Go, PHP, or Chef/Puppet etc.. Why You..."
https://kr.indeed.com/viewjob?jk=2d00e3f9a7184ec7,[웹젠] 사내IT인프라(신입/경력),웹젠 성남 분당구,,"Terraform 등 운영 경험이 있는 분 - Powershell, Python, Bash,Batch 작성이 가능한 분 - L2,L3 네트워크 기본... 있는 분 - Powershell, Python, Bash,Batch 작성이..."
https://kr.indeed.com/viewjob?jk=1888ee91da93366d,Chief Technology Officer,Asiance 서울,,"mainly. • 배포는 주로 Docker 사용. • Python, Node.js, Java, PHP for backend development. • Python, Node.js, Java, PHP 등을 사용하여 백엔드..."
https://kr.indeed.com/viewjob?jk=0db883b57a514d99,컴퓨터비전(이미지처리) 및 모바일 앱 개발자,(주)엑스퍼스 서울 구로구,"연봉 32,000,000원 - 38,000,000원","AR 및 모바일 앱개발 -관련지식: Opencv , Unity (필수), Vuforia, C# (필수), Python (중급 이상), C++ (기초지식 이상) -컴퓨터 비젼(영상처리) 라이브러리를 활용하여 작업 가능하고..."
https://kr.indeed.com/viewjob?jk=02c91bcfd7424add,In-Vehicle Infotainment SW Release Engin...,LG전자 3.8 서울 강서구,,"릴리즈 관리, 변경 관리 경험 3년 이상 - Yocto, Android 등 개발 환경 - C/C++, Python, Git, Gerrit, CMake, Make 등 - 컨테이너, 클라우드 기반의 빌드 환경 ﻿구축 [Key..."
https://kr.indeed.com/viewjob?jk=9e1861e691426a98,Field AI Engineer,Graphcore 서울,,"hardware acceleration technologies Experience with Python and C++... depth knowledge of computer architectures, high..."
https://kr.indeed.com/viewjob?jk=cae2de07045cfb2b,"Java, Python 영상툴 개발자",에이아이메이커 서울 마곡동,,원하면 가능) 담당업무 - 영상 라벨링 Tool 개발 - Tool 정확성 개선 자격요건 - Java - Python 우대사항 - 관련 개발 경력 - 툴개발 경력 근무조건 - 월~금 AM9:30 ~ PM18:30 복지...
https://kr.indeed.com/viewjob?jk=886d3a9fee3da0bf,Diploma Student / Intern - HANA Cloud De...,SAP 4.3 서울,,"skills: Proficiency in Linux Coding skills in Scala, Java, Python or similar Understand docker containers and Kubernetes..."
https://kr.indeed.com/viewjob?jk=5d30d12b06f56d55,통신사프로젝트(SI/PYTHON/6개월/종각역),디와이즈 서울 서대문구,,"스킬: Python,분석설계 가능하신분 주식회사 디와이즈 [통신사 Python 개발자 모집] 모집부문 및 자격요건 모집부문 담당업무 및 자격요건 인원 통신사 PYthon 유지보수 [담당업무] · 통신사 Python 개발..."
https://kr.indeed.com/viewjob?jk=abbb8df34c660e0a,"빅데이터, (AI)인공지능 외 신입/경력 인턴 (정규직전환)",스칼라웍스 서울 금천구,,인공지능)>인공지능(AI)|인터넷·IT·통신·모바일·게임>빅데이터·AI(인공지능)>데이터분석|인터넷·IT·통신·모바일·게임>빅데이터·AI(인공지능)> Python|인터넷·IT·통신·모바일·게임>빅데이터·AI(인공지능)>딥러닝
https://kr.indeed.com/viewjob?jk=754be9e3d78fa802,2021년 상반기 R&D 개발자 (병역특례 가능/경력 무관),네오스텍 인천 연수구,,"담당업무: - 블루투스 메시 기반 위치 추적 솔루션 개발 - 상기 솔루션의 임베디드 펌웨어 개발 - C(필수), Python, Javascript 프로그래밍 언어 사용 - 기술 지원 [자격요건] 경력사항: 무관 (신입도 지원..."
https://kr.indeed.com/viewjob?jk=fa9cdbc42d5922da,[위성통신기업] SW개발,커리어라임즈 서울 강남구,,"Visual C++, Java, Python 등 개발언어 경험자 우대... ACU 등 디바이스 연동개발 경험자 - Visual C++, Java, Python 등 개발언어 경험자 우대 - 어학역량 우수자 우대 0 명 근무조건..."
https://kr.indeed.com/viewjob?jk=01fc064befef8e85,Business Analyst (Logistics Data and Ana...,Coupang 2.7 서울,,"포함한 3~15년의 경력 소지한 분 (SQL 업무상 사용경력 적어도 3년 이상 필수) SQL, Excel, Python, R/SAS 혹은다른 통계 분석 소프트웨어 사용 경험 있는 분 우대사항: Hadoop, Spark..."
https://kr.indeed.com/viewjob?jk=605561cceb1d698c,(대기업) Data 분석 및 개발,인코리아 프로페셔널 성남 분당구,,"팀원, 대리, 과장 [자격요건]경력사항: 신입, 경력(12년 이하)- Python 개발경험 (2년 이상 우대) - 이미지 또는 시계열 데이터 이해가능... 게임>빅데이터·AI(인공지능)> Python|인터넷·IT·통신·모바일·게임..."
https://kr.indeed.com/viewjob?jk=116009dbf59211ed,퍼즐데이터 역량있는 데이터 분석가,주식회사퍼즐데이터 서울 역삼동,,"데이터 마이닝 및 통계분석에 대한 전반적인 이해 3. 관련분야(산업공학, 통계 등) 전공 4. R or Python 사용 능력 * 이런 분은 더욱 좋아요. 1. 프로세스 마이닝 지식 보유자 2. 관련분야 대학원 전공 3..."
https://kr.indeed.com/viewjob?jk=695713f706e2220e,[정규직] Data Scientist,SK 씨앤씨 4.0 서울,,"규모 데이터 처리 경험 우대 역량/스킬 * 통계분석, ML/DL 전문 지식 및 업무 활용 역량 * 분석 Tool( Python, R, TensorFlow 등) 활용 역량 * ML/DL (Machine Learning, Deep..."
https://kr.indeed.com/viewjob?jk=f5f5f902d240ac96,Data Scientist,Toss 서울 강남구,,"또는 실무 경험 5년 이상 갖춘 분 - 실제 서비스 데이터를 이용한 분석모델 개발 경험이 있는 분 - R, Python, Scala, SQL 등 데이터 분석의 업무를 수행할 수 있는 하나 이상의 개발 언어에 능숙한 분 #..."
https://kr.indeed.com/viewjob?jk=e393fa440b668be7,Data Analyst,Toss 서울 강남구,,"소지하신 분 혹은 경험이 풍부하신 분 - Data Warehouse 구축 지식이나 경험이 있으신 분 - Python, R, Spark 등 언어 및 데이터 프로세싱 프레임워크에 대한 이해도가 높은 분 - 필요한 데이터를 스스로..."
https://kr.indeed.com/viewjob?jk=c8c02d6751fce8a8,Python 경력 정규직,브라이트컨설팅 서울 강남구,,브라이트컨설팅 Python 경력 정규직 채용 모집부문 및 자격요건 담당업무 자격요건 인원 [자격요건] 경력사항: 경력(7년 이상 12년 이하) 학력사... 수 있습니다. 인터넷·IT·통신·모바일·게임>응용프로그래머> Python
https://kr.indeed.com/viewjob?jk=7a10f3521337083b,"Perception Engineer, Deep Learning - Aut...",NVIDIA 서울,,"PyTorch, etc). Strong programming skills in C++... python. Outstanding communication and collaboration skills as we..."
https://kr.indeed.com/viewjob?jk=bfaeba8c0f81b11c,Threat Hunter Team Lead,Ensign InfoSecurity 대한민국,,"programming and scripting, e.g. Java, .NET Programming, Python & PERL scripting, etc. Possession of excellent presentation..."
https://kr.indeed.com/viewjob?jk=645e3b85513f69f6,포항공과대학교 포항가속기연구소 정규직 직원,포항공대가속기연구소 포항 남구,,"개발 경험 보유자 기술직 EUV 가속기 제어 ○명 [필수자격] - 전문학사 학위자 이상 - C, C++, Python, GUI program 사용 가능자 - Linux 사용 가능자 - TOEIC 기준 650점, TOEFL..."
https://kr.indeed.com/viewjob?jk=3933762f9f06df56,Data Scientist(CSS 모델링),Toss 서울 강남구,,"3년 이상) - 머신러닝 등 최신 알고리즘을 활용하여 실제 비즈니스 문제 해결 경험이 있으신 분 - SQL, Python, R 등 통계/분석 프로그램을 다룰 수 있으신 분 # 우대 사항 - 금융권 데이터 분석 및 모델링 업무..."
https://kr.indeed.com/viewjob?jk=9c15d2c0cd7b70d8,프론트엔드개발 인공지능바이오제약코스닥기업,서울특별시,,"개선과 신규 서비스의 UI, 기능을 설계 및 개발 ※ 지원자격 - python 개발 경험(기본) - non-sql DB, sql DB 중 1개 이상... 사용 경험 - 풀스택 개발자 - python, C# 동시 사용 ※ 지원방..."
https://kr.indeed.com/viewjob?jk=1996e62879fc3501,"인사,총무/웹디자인/디지털마케팅/인공지능SW개발/인공지능 데이터기획",닥터송 서울 강서구,,그래머>웹개발|인터넷·IT·통신·모바일·게임>웹프로그래머>PHP |인터넷·IT·통신·모바일·게임>웹프로그래머> Python|인터넷·IT·통신·모바일·게임>소프트웨어·하드웨어>소프트웨어|인터넷·IT·통신·모바일·게임>데이터베이스...
https://kr.indeed.com/viewjob?jk=80dea8b8353c3ee0,System Engineer,Toss 서울 강남구,,"# 자격 요건 - Linux 환경에서 대용량 TPS 운영 경험이 있으신 분 - 스크립트 언어(shell, python, Perl, Ruby 등)를 사용하여 인프라 운영이 가능하신 분 - HTTP, TCP/IP 프로토콜에 대한..."
https://kr.indeed.com/viewjob?jk=617dbecdabad02b9,"NAVER, LINE 서비스 플랫폼 운영",엔아이티서비스 성남 분당구,,"언어( python, java, c언어 등) 초급 수준인 분[우대사항]- Docker(kubernetes) 관련 지식 보유 및 활용 경험- Linux System, WEB/WAS, DB운영 경험- 프로그래밍 언어( python..."
https://kr.indeed.com/viewjob?jk=c6e996200f18fda7,음성인식관련 개발 음성인식 엔진개발 자연어처리 개발,"머신러닝 기술을 기반으로 의료, 금융, 자동차, 헬스케어, 교육 등 다양한 분야의 AI 관... 서울",,"퓨터 공학 전공 또는 관련 분야의 실무 경험 - 최신 논문을 이해하고 개발 및 개선할 수 있는 능력 - Python, Java, C/C++ 등 프로그래밍 언어 사용 능력 - 4년제 학사 (전산 및 컴퓨터 공학 계열) - 경력..."
https://kr.indeed.com/viewjob?jk=741cc6ac364ea9be,Internal Infra Engineer,Toss 서울 강남구,,분 # 우대 사항 - Nutanix/VMWare 구축 운영 경험이 있으신 분 - Powershell 또는 Python 등을 사용한 시스템 관리 자동화 경험이 있으신 분 - 100명 이상 규모의 L3/L4 네트워크 관리 또는...
https://kr.indeed.com/viewjob?jk=797fdeaf345bd03b,Camera ISP Tuning Engineer - Camera (QCT...,Qualcomm Korea YH 경기도 수원,,"processing Experience with C, C++, Python Experience with camera image quality... e.g., C, C++, Python), computer..."
https://kr.indeed.com/viewjob?jk=a7e08cf0511bcd53,배민사업실 Business Analyst (3년이상),우아한 형제들 서울 송파구,,"분석에 능숙한 분 - 데이터 분석 결과를 바탕으로 계획을 수립하고 실행한 경험이 있는 분 [우대사항] - Python, Tableau, R 등 다양한 데이터 분석, BI 툴 사용 경험이 있는 분 - 다양한 부서와 협업하며..."
https://kr.indeed.com/viewjob?jk=e658236007117d98,Junior Business Analyst (Non-tech),Coupang 2.7 서울,,"체계적 사고체계를 갖추신 분 [ 우대 조건] 이커머스, 리테일, 물류 관련 도메인 경험을 보유하신 분 Python, R 등 기타 프로그램 언어 사용 경험을 보유하신 분 한국어 및 영어 모두 능숙한 커뮤니케이션이 가능하..."
https://kr.indeed.com/viewjob?jk=1d89fe4b37ab05ed,"데이터마이닝, 빅데이터 큐레이터 외 신입/경력 정규직",에임즈인터내셔널코리아 서울 강남구,,"있거나 이에 준하는 실질적인 기술 경력 -데이터를 다루기 위한 Python 혹은 R 등의 프로그래밍 능력 -SQL의 사용 능력 -데이터를 다루기 위한 Python, R, Java 중 1개의 프로그래밍 능력 -대용량 데이터..."
https://kr.indeed.com/viewjob?jk=858f63913f5b4feb,"Staff Engineer, Firmware Engineering",Western Digital 서울,,"C / C++ / Python language, debugging... high level languages (e.g., C, C++, Python). Additional Information Because..."
https://kr.indeed.com/viewjob?jk=560e023c83a9bb6c,"Technical Operations Manager, Premium Su...",Amazon Web Services Korea LLC 서울,,Programming in one or more... following languages - Java/ Python/ Ruby/ .NET/ Android/ iOS · Must have excellent oral...
https://kr.indeed.com/viewjob?jk=0f139e8552caa762,매치메이킹 서버 개발,Nexon 성남 분당구,,"습니다. - AWS ECS - AWS Lambda - Go - Python - Redis 사용자의 몰입도를 높이는 매치메이킹 규칙을 구현합... 원자격 -한 가지 이상의 개발 언어( Python, C++, C#, Go 등..."
https://kr.indeed.com/viewjob?jk=b732fb33829bcacb,(대기업) 비파괴 검사/평가,인코리아 프로페셔널 창원 성산구,,"기술개발 또는 실무 - 프로그래밍 및 데이터분석 (Matlab, Python, C/C++/C# 중 1개 이상) 중급이상 [Optional] - 초음파... 통신·모바일·게임>응용프로그래머> Python|인터넷·IT·통신·모바일·게임..."
https://kr.indeed.com/viewjob?jk=f135befed6fe3580,Software Engineering on HANA Cloud,SAP 4.3 서울,,"language like python Preferred Experience with Docker, K8S, Git/Gerrit, Linux, and programming languages... Python, Go..."
https://kr.indeed.com/viewjob?jk=a98f8ea36438d276,S/W 서버엔진개발자 (python or java),하몬소프트 서울 금천구,"연봉 45,000,000원","모집분야 - 개발자( Python, Java) 담당업무 - 자사 서버 엔진 업무 진행 - 기본 수집/분석엔진 개발 - 빅데이터 분석 및 플랫폼 기반 엔진 개발 지원 필수 자격(신입기준) - Python 또는 Java 프로그..."
https://kr.indeed.com/viewjob?jk=166aa0c72e94a266,Business Data Analyst,Soomgo 서울 강남구,,"즈니스에 적용하고 개선한 경험 (Google Optimize, Optimizely, 등) 우대사항 • Python 또는 R 을 사용하여 데이터 분석에 활용 가능 • 경영학, 통계학, 경제학, data analysis 등..."
https://kr.indeed.com/viewjob?jk=eecaec8b148d7be2,대기업 시큐리티 카메라 SoC 개발자 (판교),인파트너스 서울,"연봉 60,000,000원 - 70,000,000원","VHDL RTL 설계- System-Verilog 및 UVM 설계- Python, C/C++ 가능- Timing report 분석 가능(DC,PT... 게임>빅데이터·AI(인공지능)> Python|인터넷·IT·통신·모바일·게임..."
https://kr.indeed.com/viewjob?jk=8da5c72baf146123,Site Engineer (Seoul),Motion2AI 서울,,의력과 열정을 가진 분을 찾고 있습니다. 지원자격 필수조건 Linux/Windows 시스템 능숙 C++/ Python/Golang 등 코드 컴파일 및 디버깅 경험 우대조건 물류관련 프로젝트 경험 CS 및 관련 학과 출신...
https://kr.indeed.com/viewjob?jk=31c8ae4a133b5147,SW(모바일앱 및 웹개발) 신입/경력 정규직 개발자,더조인 서울 강남구,,통신·모바일·게임>응용프로그래머>Android|인터넷·IT·통신·모바일·게임>응용프로그래머>iOS|인터넷·IT·통신·모바일·게임>응용프로그래머>인공지능(AI)|인터넷·IT·통신·모바일·게임>응용프로그래머> Python
https://kr.indeed.com/viewjob?jk=89d77bb1e2a0584c,[NeuroTx] 백엔드 신입/경력 정규직,케이유엠텍 서울 성북구,"연봉 33,000,000원 - 50,000,000원",인터넷·IT·통신·모바일·게임>웹프로그래머> Python|인터넷·IT·통신·모바일·게임>웹프로그래머>백엔드|인터넷·IT·통신·모바일·게임>웹프로그래머>웹개발
https://kr.indeed.com/viewjob?jk=385761a6f14de7c6,데이터분석가,RIDI Corp 서울,,"데이터에 기반한 사고 능력 통계 기본 지식 및 모델링에 대한 이해와 활용 가능 데이터 처리 언어 (R, Python, Scala) 사용 경험 우대사항 리디 서비스 사용 경험 통계 모델링 또는 머신러닝 경험 데이터 시각화..."
https://kr.indeed.com/viewjob?jk=2e471d0cf19be66c,Coupang Business Analyst (Non Tech),Coupang 2.7 서울,,"력으로 멀티태스킹이 가능하신 분 우대 사항 이커머스 또는 인터넷 서비스 업계 근무 경력을 보유하신 분 Python, R 등 기타 Programming language 사용 경력을 보유하신 분 한국어, 영어 모두 능숙한..."
https://kr.indeed.com/viewjob?jk=115c46e0d1df11d8,[개발자] 모비데이즈 프론트엔드 개발자 경력직 채용,Mobidays 서울특별시,,"험이 있으신 분 -활용 가능한 서버사이드 언어가 1개 이상 있는 분(Ruby, Java, Node.js, Python 등) -웹/모바일 광고 업계의 유사 업종 근무 경력 보유자 -플랫폼 또는 B2B 서비스 개발 프로젝트 참여..."
https://kr.indeed.com/viewjob?jk=a3a65a4d59061430,위시켓과 함께할 서버개발자님,위시켓 서울 강남구,,"를 활용한 정적 페이지 연계 - Docker, Jenkins 등을 활용한 CI/CD 개선 자격조건 - Python 기반의 프레임워크를 이용한 웹서비스 구축 또는 운영 경험 - Django 기반의 웹 서비스 구축 또는 운영..."
https://kr.indeed.com/viewjob?jk=6985dbbbf83fb8c2,RPA Developer ( 1 year contract),UiPath 서울,,"object-oriented programming (C#, C++, VB, .NET, Java, or Python preferred). Those with more experience may be considered..."
https://kr.indeed.com/viewjob?jk=046c7e4a3e9228c1,루티너리데이터 분석가 전세계 50만 명의 일상 바꿉니다,루티너리 서울 서초구,,"BigQuery에서 SQL쿼리를 하기도 하고요. 정제한 데이터는 Python, R 등 익숙한 환경에서도 물론 분석할 수 있고, 데이터 파이프라인에... Redshift 등), Python(Pandas), R, Excel 등을..."
https://kr.indeed.com/viewjob?jk=1ce21b2af70e0407,연구소 개발부문 연구원 직원 (회로설계/하드웨어설계/머신비전/이미지프로세...,모든다해 경기도 광명,"연봉 42,000,000원 - 44,000,000원","프로그래밍 가능자 우대 S/W 설계 부문 : - OPEN CV, TENSORFLOW, YOLO, CUDA/ Python, C++, C WindowsGUL APL, MFC Lib 활용 가능자. 머신비전/ 영상처리 개발자 * 전기..."
https://kr.indeed.com/viewjob?jk=77dfad5a778a94c2,Senior Data Scientist,Boston Consulting Group 4.2 서울,,"leadership. Fluency... least one scripting language (e.g. Python, R) Fluency in English local office language is required..."
https://kr.indeed.com/viewjob?jk=69ab0f58743cb713,21년 전문연구요원 (AI엔지니어),Nexon 성남 분당구,,"대상자 - 병역의무가 없거나 면제된 분, 병역의 의무를 마치신 분은 본 공고의 대상에서 제외됨 - Python에 숙련된 프로그래밍 능력과 머신러닝 라이브러리 활용 경험 - 머신러닝과 강화학습에 관련된 지식 습득 혹은..."
https://kr.indeed.com/viewjob?jk=b1b1b1e754bccf6b,Security Engineer (모의해킹/취약점 점검),Toss 서울 강남구,,"그바운트 경험이 있는 분 - 해킹대회 우승 경력이 있는 분 - 다양한 플랫폼 보안 진단 경험이 있는 분 - Python, C, C++, C#, JAVA 중 프로그래밍 언어에 능숙 하신 분 # 현업 인터뷰 - 토스가 투자 서비..."
https://kr.indeed.com/viewjob?jk=ce415d126ae7f888,Senior Server Engineer (Engineering Foun...,뱅크샐러드 서울 영등포구,,"개발자들에게 코칭 제공 자격 요건 5년 이상 서버 엔지니어링 경험 보유 Golang/Java(Kotlin)/ Python 중 하나 이상에 전문성을 보유, 고도화된 서비스 설계 및 개발 경험 보유 금융관련 IT 업무 경력 보유자..."
https://kr.indeed.com/viewjob?jk=274bab0c5c8dd68e,데이터플랫폼 개발자 모집,넷마블 서울 구로구,,웨어 API 서버 개발/운영 - 스케쥴에 의한 Batch 작업 스크립트 개발/운영 자격요건 - Java/ Python 중 1개 이상 프로그래밍 경력 3년 이상 - Unix 운영체제 기초 지식 및 Shell 개발 경험 3년...
https://kr.indeed.com/viewjob?jk=9040dba1c8db2a5d,퀀트운용팀 (사원-대리급),신한비엔피파리바자산운용 대한민국,,지식 보유자 - 투자자산운용사 자격증 소지자 우대 - CFA/CAIA/CPA 자격증 소지자 우대 - VBA/ Python 활용한 업무 가능자 우대 - 관련 전공 및 석박사 학위/금융 관련 자격증 보유자 우대 3. 전형방법...
https://kr.indeed.com/viewjob?jk=dd4d8e59a4a9265d,Data Specialist (Scientist&&Engineer),아우름플래닛 서울 마포구,,"Tensorflow, Keras, Pytorch, Theano 등)를 하나 이상 사용할 수 있는 분 • R, Python, Scala, SQL 등을 이용한 데이터 분석 및 프로그램 개발 능력이 있는 분 • 데이터 분석 기법..."
https://kr.indeed.com/viewjob?jk=fe0f1952fe6d1c9a,"인공지능(AI), 딥러닝 외 신입/경력 정규직",열린친구 서울 용산구,"연봉 35,000,000원 - 40,000,000원",인공지능)>인공지능(AI)|인터넷·IT·통신·모바일·게임>빅데이터·AI(인공지능)>딥러닝|인터넷·IT·통신·모바일·게임>빅데이터·AI(인공지능)> Python|인터넷·IT·통신·모바일·게임>빅데이터·AI(인공지능)>비전인식
https://kr.indeed.com/viewjob?jk=8b72b646bd1d09cd,[무료교육/월 150만원 지원] 실감형콘텐츠창작자 양성과정,메디치이앤에스 서울 금천구,,통신·모바일·게임>빅데이터·AI(인공지능)>데이터분석|인터넷·IT·통신·모바일·게임>빅데이터·AI(인공지능)> Python|인터넷·IT·통신·모바일·게임>빅데이터·AI(인공지능)>머신러닝|인터넷·IT·통신·모바일·게임>빅데이터...
https://kr.indeed.com/viewjob?jk=c50980a13561ae0d,기술연구소 웹개발(JAVA/ASP/Python) 및 웹디자이너,엔잡얼라이언스 서울 금천구,"월급 2,000,000원","직무내용] Java 기반 웹개발, 모바일웹개발 및 유지보수 Python 및 AI 개발자, 딥러닝/머신러닝 활용, TensorFlow 활용웹디자인 웹퍼블리싱ASP, MS-SQL기반 웹프로그램 개발 [근무시간 및 형태] 주 5일..."
https://kr.indeed.com/viewjob?jk=e5448ffc7d6ecf02,FPGA 플랫폼 엔지니어 (딥러닝 하드웨어 프로세서 개발),딥엑스 성남 분당구,"연봉 40,000,000원 - 100,000,000원","사용 경험(Chip Scope/SignalTap) - Language: Python/Perl, C/C++ - Vivado 또는 Synplify 또는... SignalTap) - Language: Python/Perl, C/C++..."
https://kr.indeed.com/viewjob?jk=98a0ea3726575729,글로벌주식운용팀 경력사원 안내 (~6/4),삼성자산운용 대한민국,,"량분석(Quantitative Analysis)을 통한 개별주식 운용 전략 개발 및 운용 경력(필수) - Python, VBA 등의 프로그래밍 언어를 통한 개발 능력 및 MS SQL 등의 데이터베이스 연계 프로그래밍 경력자..."
https://kr.indeed.com/viewjob?jk=2d86a39d779f0631,인프라 엔지니어,RIDI Corp 서울,,"키텍처 구성 경험이 있으신 분 Docker, ECS, K8S 등 컨테이너 기반의 서비스 운영 경험이 있으신 분 Python, Node.js, Typescript, GO 등 프로그래밍 경험이 있으신 분 우대사항 Docker..."
https://kr.indeed.com/viewjob?jk=b173955c18faf177,SW개발자 (일반/전문연구요원),비트컴퓨터 서울 서초구,,"서를 등록하지 않으셨다면!! 상세 이력서 등록하기 지원양식 커리어 온라인 이력서 직무/산업 직무별(직종) 웹프로그래머MS-SQL, Python 응용프로그래머전산전공, C# 산업별(업종) 솔루션.ASP.소프트웨어 소프트웨어개발"
https://kr.indeed.com/viewjob?jk=78e99625e5de3c95,전문연구요원 (병역특례) 수시 (AI / HW 분야),딥엑스 성남 분당구,"연봉 40,000,000원 - 100,000,000원","모델의 RTL IP 설계 및 IP 검증 가능자 - Language: Python/Perl, C/C++ [우대 조건] - ARM based SoC 설계... Linux, shell, tcl, python, perl 사용 원활..."
https://kr.indeed.com/viewjob?jk=a621e7d486f97ea5,2021 ICT 이노베이션 블록체인&AI 교육생,재단법인경남테크노파크 창원 마산회원구,,게임>빅데이터·AI(인공지능)> Python|인터넷·IT·통신·모바일·게임... 로그래머>인공지능(AI)|인터넷·IT·통신·모바일·게임>응용프로그래머> Python|인터넷·IT·통신·모바일·게임>응용프로그래머>머신러닝(ML)|인터넷...
https://kr.indeed.com/viewjob?jk=3b92a246b4535cd9,Senior Support Engineer (APAC),Dataiku 서울,,other database or BI technologies) Hands-on experience with Python... RWorking knowledge of various cloud technologies...
https://kr.indeed.com/viewjob?jk=833a4d9bb5840b70,Senior Data Scientist (Korea),FPT Software 대한민국,,"deploy custom code in a variety of environments ( Python, SAS, R, etc.) to create predictive analytics applications. Use..."
https://kr.indeed.com/viewjob?jk=5fabc892216e1c62,[Data Science Div - Business Insights De...,PUBG 서울,,"analytics... digital, consumer facing company Knowledge of Python and Spark Experience with large individual customer..."
https://kr.indeed.com/viewjob?jk=add880a19f345249,"Customer Engineer, Machine Learning, Goo...",Google 4.3 서울,,"Caffe, as well as numerical programming frameworks... Python or MATLAB. Preferred qualifications: Master's degree..."
https://kr.indeed.com/viewjob?jk=56add096e14a7879,AI 연구 및 개발 직군 모집,넷마블 서울 구로구,,"위한 엔지니어링 - 서비스 개발을 위한 클라우드/ Rest-API / 웹서비스 구축 등 자격요건 - Python에 능숙하고 C/C++ , C#등 언어에 대한 활용능력 - 딥러닝 프레임워크 사용 가능 (Pytorch 혹은..."
https://kr.indeed.com/viewjob?jk=c9e13c1e7c8a92b0,"Software Engineer, Machine Learning",Google 4.3 서울,,"an advanced degree. Programming experience in C++ and Python. Experience with relevant technologies (e.g., TensorFlow, Flume..."
https://kr.indeed.com/viewjob?jk=bb62c211592c974f,컴퓨터 비전 및 증강현실 개발,(주)엑스퍼스 서울 구로구,"연봉 32,000,000원 - 38,000,000원","AR 및 모바일 앱개발 -관련지식: Opencv , Unity (필수), Vuforia, C# (필수), Python (중급 이상), C++ (기초지식 이상) -컴퓨터 비젼(영상처리) 라이브러리를 활용하여 작업 가능하고..."
https://kr.indeed.com/viewjob?jk=6ffc6777e4269d57,Telecom Support Engineer,Amazon Web Services Korea LLC 서울,,"Java or solving complex problems in Python, the ideal candidate will love using... complex problems in Python, the ideal..."
https://kr.indeed.com/viewjob?jk=c3fe1cbc5e1ae20b,Technical Support Representative(사원급),IBM 3.9 서울,,"k8s, Cloud, Dev/Ops 등 최신 IT 기술에 대한 학습 및 구현 경험 • Java, Python 등을 활용한 오픈소스 관련 개발 경험 Required Technical and Professional..."
https://kr.indeed.com/viewjob?jk=65e2b1371687bc18,[전문연구요원] 데이터 인프라 개발자(신입/경력),웹젠 성남 분당구,,과정 수료자 포함 ) 로서 전문연구요원 신규편입 / 전직 대상인 분 - Python 또는 C# 프로그래밍 능력 - Linux 환경에서 개발 및 운영... 신규편입 / 전직 대상인 분 - Python 또는 C# 프로그래밍 능력...
https://kr.indeed.com/viewjob?jk=b9a9af798e9d24a5,보안 개발자 모집,넷마블 서울 구로구,,"이상의 웹 프레임워크 사용 숙련자 - 신기술 습득과 개발을 좋아하며 동료와 함께 성장하고 싶으신 분 우대사항 - Python(django, flask)을 이용한 back-end 개발 경험 있으신 분 - javascript..."
https://kr.indeed.com/viewjob?jk=4cd34228af5013fd,DGIST 2019년 제1차 계약직원 공개채용 공고,대구경북과학기술원 대구 현풍면,,"우수자(SPSS, R 등 통계패키지) 외국어(영어) 구사 능력 우수자 Programming(MATLAB, Python, C/C++ 등) 가능자 · 근무기간 : 2019.3.11.~2020.3.10. ※ 단, 재계약 평가에..."
https://kr.indeed.com/viewjob?jk=53f4c60a85bf3609,"Senior Manager, Business Analysis (CRM T...",Coupang 2.7 서울,,"sets · Experience using a programming language (R, SAS, Python, Java, etc... automation, job scheduling, and statistical..."
https://kr.indeed.com/viewjob?jk=84bf7be258ec679b,Software Developer - OSS and Network Man...,Ericsson 서울,,"Programming Language and skillset: Java(preferred), C++, Python, CI Environment, Shell Script Native Korean and business..."
https://kr.indeed.com/viewjob?jk=089931931a0474d5,소형전지사업부/기술혁신센터,삼성SDI 3.9 충청남도 천안,,"천안 전공분야 - 컴퓨터/시스템 전자/전기 기계/산공 전문지식 - Java, C#, C++, Python - Oracle (PL/SQL) - Automod, VisualComponent - 통신프로그래밍 경험..."
https://kr.indeed.com/viewjob?jk=a1847e26c0c636e9,Customer Quality Engineer for RFFE (Seni...,Qualcomm CDMA Technologies (Korea) YH 서울,,"Reliability Engineer (CRE) - ASQ Skills: Php Mysql, Python, QA Methodologies, SQL Script, Troubleshooting Applicants..."
https://kr.indeed.com/viewjob?jk=cd40cf786e32f325,사내 및 서비스 보안 담당자 (경력),네오위즈 대한민국,,"GuardDuty, WAF, VPC Flow Logs 분석 등)이 있으신 분 - 각종 스크립트 언어(Perl, Python, shell script 등)의 활용 능력을 가진 분 - 모바일 게임 앱에 대한 보안 검수 경험이..."
https://kr.indeed.com/viewjob?jk=53f4c60a85bf3609,"Senior Manager, Business Analysis (CRM T...",Coupang 2.7 서울,,"sets · Experience using a programming language (R, SAS, Python, Java, etc... automation, job scheduling, and statistical..."
https://kr.indeed.com/viewjob?jk=84bf7be258ec679b,Software Developer - OSS and Network Man...,Ericsson 서울,,"Programming Language and skillset: Java(preferred), C++, Python, CI Environment, Shell Script Native Korean and business..."
https://kr.indeed.com/viewjob?jk=089931931a0474d5,소형전지사업부/기술혁신센터,삼성SDI 3.9 충청남도 천안,,"천안 전공분야 - 컴퓨터/시스템 전자/전기 기계/산공 전문지식 - Java, C#, C++, Python - Oracle (PL/SQL) - Automod, VisualComponent - 통신프로그래밍 경험..."
https://kr.indeed.com/viewjob?jk=a1847e26c0c636e9,Customer Quality Engineer for RFFE (Seni...,Qualcomm CDMA Technologies (Korea) YH 서울,,"Reliability Engineer (CRE) - ASQ Skills: Php Mysql, Python, QA Methodologies, SQL Script, Troubleshooting Applicants..."
https://kr.indeed.com/viewjob?jk=cd40cf786e32f325,사내 및 서비스 보안 담당자 (경력),네오위즈 대한민국,,"GuardDuty, WAF, VPC Flow Logs 분석 등)이 있으신 분 - 각종 스크립트 언어(Perl, Python, shell script 등)의 활용 능력을 가진 분 - 모바일 게임 앱에 대한 보안 검수 경험이..."
https://kr.indeed.com/viewjob?jk=3d8c890cd0f75b23,Field Code Scanning Architect,Github 서울,,"languages: C, C++, C#, JAVA, JavaScript/TypeScript, Python, Haskell, Ruby and Go. Experience with relational databases..."
https://kr.indeed.com/viewjob?jk=bc1be4ffc953c21a,Quality Engineer 반월공장 (Precursor & Speci...,Merck KGaA Darmstadt Germany 경기도 안산,,"analysis. Background in programming ( Python, Java script, SQL) is preferred... preferred ( Python, Java script, SQL..."
https://kr.indeed.com/viewjob?jk=6e00e6e011a3ac8f,[정규직] SK이노베이션 데이터 플랫폼 개발/운영,SK 씨앤씨 4.0 서울,,"AWS Data 서비스 이해 - Data Pipeline 설계/운영 경험 (Spark, SQL, Python 역량 보유 우대) - Data MART 설계 및 구축 경험 우대 (ETL 개발/경험) - 제조 Industry..."
https://kr.indeed.com/viewjob?jk=1f453e97f76b7528,Data Scientist/ML Engineer,우아한 형제들 서울 송파구,,"에서 데이터가 의미하는 바를 연결하여 명확한 의사소통 및 문서화할 수 있는 기술이 있으신 분 - SQL/R/ Python/Spark 언어를 활용한 데이터 정제, 분석, 모델링, 시각화할 수 있는 프로그래밍 경험을 보유하신 분..."
https://kr.indeed.com/viewjob?jk=634bb1f5a4ecd428,"블록체인 , 거래소 개발자",알라딘글로벌알앤디센터 서울 강남구,,"ㆍJava , Node , Go , Python 등 1개 이상의 언어 개발... 모바일·게임>웹프로그래머> Python|인터넷·IT·통신·모바일·게임>응용프로그래머>JAVA|인터넷·IT·통신·모바일·게임>응용프로그래머> Python"
https://kr.indeed.com/viewjob?jk=0e25fc2e43547710,검사 자동화 및 검사AI 분야 경력사원,LG이노텍 4.1 경기도 평택,,"C++,Labview, R, Python 등 ) - AI 관련학과 전공 및 검사공정 AI 경력 3년이상 보유자 (딥러닝 모델설계/학습/배포, 딥러닝 성능 개선 ) - Python 언어와 딥러닝 프레임워크 (Tensorflow..."
https://kr.indeed.com/viewjob?jk=da5d4dd560fb6f85,Data Scientist,Garrett Advancing Motion 경기도,,"System/Data Integration • High level programming skills ( Python, R, Matlab, C++ or Java) • Machine Learning Algorithms..."
https://kr.indeed.com/viewjob?jk=ee64abe502f8ee94,[NAVER Cloud] 가상화 코어 기술 연구 및 개발 (소프트웨어 분...,네이버 서울,,기술 개발 [ 우대사항] - Cloud에 대한 높은 이해도 - DevOps & Ansible 경험 - Python 기반 프로젝트 경험 - DPDK/XDP/OVS-DPDK 개발 경험 - Raw Socket 기반 개발 경험...
https://kr.indeed.com/viewjob?jk=db26147e9223e38a,[L'Oreal Korea] IT Business Analyst,L'Oreal 4.1 서울,,"outcomes Proficiency in SQL Proficiency... least one of Python (preferred), Java, or C++ Strong understanding and hands..."
https://kr.indeed.com/viewjob?jk=b06176c3a7092e0a,Customer Facing Data Scientist,Ever Better Recruitment (EBR) 서울,,ensure appropriate communication Experience in R or Python analysis Up to 50% off-site visits English ability to perform...
https://kr.indeed.com/viewjob?jk=c258b214d9872d2b,[어니컴(주)] 백앤드 / 머신러닝 엔지니어 경력자,어니컴 서울 용산구,,"site)의 모델 특화 버전 [자격요건]ㆍ Python, C++, JAVA... 게임>웹프로그래머>백엔드|인터넷·IT·통신·모바일·게임>웹프로그래머> Python|인터넷·IT·통신·모바일·게임>웹프로그래머>JSP|인터넷·IT·통신..."
https://kr.indeed.com/viewjob?jk=ffe6ea49b31384fa,혁신성장 청년인재 집중양성 인공지능 창의융합형 인재 양성과정,에프앤이노에듀 서울,,게임>웹프로그래머>백엔드|인터넷·IT·통신·모바일·게임>웹프로그래머> Python|인터넷·IT·통신·모바일·게임>응용프로그래머>C#|인터넷·IT·통신... 게임>빅데이터·AI(인공지능)> Python|인터넷·IT·통신·모바일·게임...
https://kr.indeed.com/viewjob?jk=cea8db2153898382,[서비스 플랫폼] 백엔드 엔지니어 (전문연구요원 가능),버즈니 서울,,"이런 분을 찾습니다 Docker 기반 환경의 서비스 구축 경험이 있으신 분 Flask, Falcon 등 Python 기반 웹어플리케이션 서버 개발 경험이 있으신 분 RDBMS 또는 Elasticsearch 등을 활용한 시스템..."
https://kr.indeed.com/viewjob?jk=4d62f108017056a2,백엔드개발 인공지능바이오제약코스닥기업,대한민국,,"선과 신규 서비스의 UI, 기능을 설계 및 개발"" ※ 자격조건 - python 개발 경험(기본) - non-sql DB, sql DB 중 1개 이상... 사용 경험 - 풀스택 개발자 - python, C# 동시 사용"" 기타정보..."
https://kr.indeed.com/viewjob?jk=3470b2b30e97eca7,Sales Engineer,UiPath 서울,,"fluency in any other Asian languages is a plus. Python is an added advantage. Life at UiPath like a lot of startups, can..."
https://kr.indeed.com/viewjob?jk=6718bba08ef6e20b,모바일 앱 보안 솔루션 개발부문,스틸리언 서울 용산구,,"Android/iOS 모바일 앱 보안 제품입니다. - 앱수트는 C, Python 등을 통해 주로 개발합니다. - 앱수트 제품군에는 위변조 방지, 난독... 2) - Objective C, Python, C언어, Swift 개발..."
https://kr.indeed.com/viewjob?jk=43f8edb38c7888c7,위메프오 서버개발자(정규직),위메프 2.8 대한민국,,"데이터베이스 분산설계 및 미들웨어 개발 [자격사항] - 서버 프로그래밍 언어(PHP, Go, C/C++, Python, Java) 중 1개 이상 사용이 가능한 분 - 자료구조, 알고리즘, 분산처리 등 SW관련 기본지식 보유..."
https://kr.indeed.com/viewjob?jk=89f3e10d77a126bf,Field Service Engineer,Nearfield Instruments 경기도 용인,,"troubleshooting. Preferably to have coding capability (Matlab, Python...etc... data analysis, visualization, and algorithm..."
https://kr.indeed.com/viewjob?jk=74d66a601cc8dde0,DBA,Toss 서울 강남구,,DBA 3년 이상) 경험 있으신 분 - SQL을 숙련되게 다루시는 분 - Shell 운영 스크립트 개발이 가능하신 분 # 우대 사항 - NoSQL (MongoDB) 운영경험이 있는 분 - Python 개발이 가능하신 분
https://kr.indeed.com/viewjob?jk=d017610d9828199c,"드론 데이터 스타트업, 엔젤스윙 엔지니어",엔젤스윙 서울 관악구,,"Ruby on Rails, Python, C++, AWS AWS, GCP... 기반 웹서비스 개발 경험 디버깅, 최적화 스킬 Javascript, Python, C++ 등 개발언어 중 자신있는 언어가 1가지 이상 있으신 분..."
https://kr.indeed.com/viewjob?jk=c130ad24ffc25b72,기술연구소 (AI연구 및 Python개발 / 드론 영상처리),선영종합엔지니어링 고양 덕양구,,어링 기술연구소 (AI연구 및 Python개발 / 드론 영상처리) 채용 4... 프로그래밍 ㆍBig Data 활용 및 Smart plant ㆍR 및 Python 기반 프로그램 개발 ㆍ정부출연사업 제안서 작성 [근무부서 및 직급...
https://kr.indeed.com/viewjob?jk=2b2dcd3ffe3d53df,카카오 데이터의 가치를 발굴할 데이터 분석가 모집,카카오 4.0 성남 판교역,,"기술 통계량 이해 및 해석) 데이터 분석 업무를 수행할 수 있는 언어 스킬 필수 SQL 필수 R 또는 Python을 다룰 수 있는 분 (SAS, SPSS, GA, tableau 등 통계 툴만 사용 가능한 경우 제외) 하둡..."
https://kr.indeed.com/viewjob?jk=99caa544c92c8018,에프앤가이드 - 각 부문 (전문연구요원 포함),에프앤가이드 대한민국,,"우대사항 : ㆍ SQL, python, R 개발경험 소유자 디지털금융팀... 경험 ㆍ개인자산관리(PB) 경험 ㆍB2C 컨텐츠 기획 및 개발 경험 Python, R, Tensorflow, Keras 개발 가능 ㆍ머신러닝/딥러닝..."
https://kr.indeed.com/viewjob?jk=af5683389907a8c9,백엔드 개발자 (경력),크로스앵글 서울 역삼동,,"데이터 관리 (Auth0) - 블록체인 지갑 인증 (Ethereum, EOS) [자격요건] - 백엔드 & Python 실무 개발경험 3년 이상 혹은 그에 준하는 능력을 갖고 있으신 분 - 새로운 기술에 대해 호기심을 갖고..."
https://kr.indeed.com/viewjob?jk=ac9068957c550cb3,데이터 전문가(모델러/분석가/엔지니어) 모집,카카오 4.0 성남 판교역,,대용량 데이터를 효율적으로 사용하기 위한 기반 데이터 가공 지원자격 데이터 사이언스를 위한 언어(R/ Python/Scala) 및 도구(scikit-learn/Spark MLlib/Tensorflow/Pytorch 등)를...
https://kr.indeed.com/viewjob?jk=0224e8cd9aba5320,Network Engineer,Blizzard Entertainment 서울,,Environment and troubleshooting Linux network configuration. Python/Bash scripting experience. Bachelor’s degree in computer...
https://kr.indeed.com/viewjob?jk=e010f7780d479126,검색서비스 서버 개발 신입/경력,포티투마루 서울 관악구,,"성별 : 무관 - 모집인원 : 0명 [기술 지원자격] - Linux 환경 개발 경력 - C/Java/ Python 개발 경력 - 서버 개발/운영 경력 [우대사항] - 자연어처리, 정보검색, 기계학습, 데이터 마이닝..."
https://kr.indeed.com/viewjob?jk=421d841e9b0746e7,[NAVER Cloud] MongoDB 데이터베이스 엔지니어 (DBA)...,네이버 서울,,"구축, 운영, 트러블 슈팅 가능하신 분 - Backend 프로그래밍 협업 가능하신 분 (Node.js , Python 등) [ 우대사항] - 대규모/대용량 DB 운영환경을 경험하신 분 - 끊임없이 공부하고 적극적으로 공유하..."
https://kr.indeed.com/viewjob?jk=d97d82b34a262bf9,Data & Analytics 컨설턴트,국내 BIG 4 컨설팅 그룹 서울 여의도역,"연봉 50,000,000원 - 100,000,000원","관련 전략 컨설팅 - Data Architecture 설계 - R, Python 또는 SAS 활용 데이터 전처리 및 분석 모델링 - SQL 프로그래밍... AI, Big Data, R, Python, SAS, SQL: 5년 (선호..."
https://kr.indeed.com/viewjob?jk=b647e33d03c852bb,[Data Science Div - PUBG Studio Analytic...,PUBG 서울,,"data science and visualization libraries in Python or R Strong oral, organizational, and written communication skills..."
https://kr.indeed.com/viewjob?jk=6fc2719750916dd3,Deep Learning Engineer,Intel 4.1 서울,,MxNet - Strong programming skills with C/C++ and Python - Experiences in programming and testing on Linux environment...
https://kr.indeed.com/viewjob?jk=65fbf450de2972b2,[PUBG: NEW STATE] 시네마틱 이펙터,PUBG 서울,,"및 PUBG에 대한 관심과 이해 언리얼 머테리얼/블루프린트 제작에 능숙하신분 RnD 좋아하시는 분 C++, Python 사용 경험자 고용 형태 정규직 근무지 서초 본사 제출 서류 입사지원서 (자유 양식), 경력기술서 및 자기..."
https://kr.indeed.com/viewjob?jk=42b179c4f542a933,[Manta] Growth Data Analytics Manager,RIDI Corp 서울,,"An expert in a data-oriented programming language (e.g., SQL, Python, R, Scala, etc... BI tools (e.g., Tableau, Power BI..."
https://kr.indeed.com/viewjob?jk=aa13332a8009c705,Application Engineer Korea,IMS Nanofabrication 경기도 화성,,"You are committing to support the team in challenging situations. Python, Office solutions and Linux experience is beneficial..."
https://kr.indeed.com/viewjob?jk=34aa73444326ccb4,[기술부문/QA] 티맥스그룹 2021년 상반기 특별 (신입 및 경력),티맥스소프트 성남 분당구,,"상세] ㆍ 보유기술: Java, python, RDB, NoSQL, OS... CKA ㆍ 경험: RHEL, CentOS, Shell script, Python, AWS, Google Cloud 모집기간 2021/05/24..."
https://kr.indeed.com/viewjob?jk=0064deb5fa9cbce0,데이터 사이언티스트 모집,카카오 4.0 성남 판교역,,"양한 실험을 통해 알고리즘을 개선합니다. 지원자격 지원자격 하나 이상의 프로그래밍 언어에 익숙한 분( Python, Java, C/C++, Scala 등) 머신러닝/딥러닝 오픈소스를 이용하여 1년 이상 특정 서비스에 모델..."
https://kr.indeed.com/viewjob?jk=84a8e6a4768fe82e,"Developer Relations Manager, Enterprise",NVIDIA 서울,,"R&D engineer. Familiarity... least one of C, C++, or Python. In-depth knowledge of computer systems architecture..."
https://kr.indeed.com/viewjob?jk=91d07b599ebcef9c,[웹젠] 데이터분석(경력),웹젠 성남 분당구,,DW 및 BI 경험이 있는 분 ﻿ 우대사항 - Linux 환경에서 Python 언어로의 개발이 가능한 분 - 데이터 분석 및 활용에 관심이 높은 분... 우대사항 - Linux 환경에서 Python 언어로의 개발이 가능한 분...
https://kr.indeed.com/viewjob?jk=4bfb17b42e2d7728,Field Algorithm Engineer,Nova Measuring Instruments 경기도 화성,,long periods of time (up to 1 month each time). Programming – python proficient. Machine learning and data science experience...
https://kr.indeed.com/viewjob?jk=bfe0f5ac4f32ec89,추천 통계분석/데이터사이언티스트,카카오 4.0 성남 판교역,,"통계, 수학 관련 분야의 석사 또는 박사 학위 소지자 숙련된 데이터분석 능력 데이터 사이언스를 위한 언어( Python/R) 를 하나 이상 능숙하게 다룰 수 있으신 분 분석 결과를 설득력있게 전달할 수 있는 분 우대사항..."
https://kr.indeed.com/viewjob?jk=33d60dd4aa7e220b,[웹젠] 게임보안(경력),웹젠 성남 분당구,,PC/AOS/IOS 어플리케이션 리버싱 가능한 분 - C/C++/ Python/Java 등 개발 능력을 보유한 분 - 암호화 / 네트워크 /DB 등... 리버싱 가능한 분 - C/C++/ Python/Java 등 개발 능력을 보유...
https://kr.indeed.com/viewjob?jk=2ba9d984a21e03b1,[전문연구요원] R&D 부문 개발자 병역특례,스칼라웍스 서울 금천구,,"Data Analysis (R, SQL 등의 활용 능력 우대)3) Python Application 관련 개발 업무 (코딩 또는 문제해결) 4) ML... 게임>빅데이터·AI(인공지능)> Python|인터넷·IT·통신·모바일·게임..."
https://kr.indeed.com/viewjob?jk=3afc537c8085ad9c,Senior Data Engineer,뱅크샐러드 서울 영등포구,,"준의 대용량 데이터 처리 시스템 개발 및 운영 경험 클라우드 기반의 Data Lake 개발 및 운영 경험 Python 또는 JVM 기반 언어(Java, Scala) 중 하나 이상을 능숙히 사용 고객 경험 중심의 협업 기술 및..."
https://kr.indeed.com/viewjob?jk=6ef3ca96b9c753cd,에프앤가이드 전문연구요원,에프앤가이드 대한민국,,"지보수 관리 -. 자격요건 : ㆍ학력 : 이공계열 석사학위 이상 취득(예정)자 -. 우대사항 : ㆍ SQL, python, R 개발경험 소유자 근무조건 - 근무형태 : 정규직 - 모집구분 : 신입(사원급) - 근무시간..."
https://kr.indeed.com/viewjob?jk=6aebabcddef7f514,Field Application Engineer,Nearfield Instruments 경기도 용인,,"troubleshooting. Preferably to have coding capability (Matlab, Python...etc... data analysis, visualization, and algorithm..."
https://kr.indeed.com/viewjob?jk=af00831a17d0d6f9,[인공지능기업] 데이터사이언티스트 (경력),머니브레인 서울,,관련 분야 경력 3년 이상 Python을 통한 데이터 분석 능력을 갖추신... 이수자- 통계적 데이터 분석 및 머신러닝 관련 분야 경력 3년 이상- Python을 통한 데이터 분석 능력을 갖추신 분- 데이터팀 셋팅 및 리딩 경험...
https://kr.indeed.com/viewjob?jk=1e708a23b9f87c19,JAVA 개발자 경력직/신입,로지포커스 서울 성동구,,"경력직 정규직 채용 모집부문 및 자격요건 담당업무 자격요건 인원 [담당업무]Back-end 개발자(java, python 등)- Restful API 서비스 설계/연동 개발(Spring)- web 서비스 백엔드 개발front..."
https://kr.indeed.com/viewjob?jk=e1707e1b47680b5e,[ 히든그레이스] 빅데이터 & 연구 논문 분석가,히든그레이스 서울 서초동,,"mplus 활용 경험 R과 python 활용 경험 [정보기술>정보기술전략... 활용) ,프레젠테이션 프로그램 활용,기타(SPSS, Amos, R, python 활용 경험) 우대조건 - 고용허가제 - 작업환경 작업장소 : 실내..."
https://kr.indeed.com/viewjob?jk=619edbfb9ec3a506,[유망 벤처기업] 데이터사이언티스트,인코리아 프로페셔널 서울 강남구,,통신·모바일·게임>빅데이터·AI(인공지능)>머신러닝|인터넷·IT·통신·모바일·게임>빅데이터·AI(인공지능)> Python|인터넷·IT·통신·모바일·게임>빅데이터·AI(인공지능)>데이터분석|인터넷·IT·통신·모바일·게임>빅데이터...
https://kr.indeed.com/viewjob?jk=c0325cb356f25640,[한국컴패션] 마케팅 분석 및 리서치 업무 지원 (계약직) #사무직 #전...,서울 서울 한남동,,"프로젝트 수행 경험 (우대) - 경영 혹은 마케팅 전공자 (우대) - 논리적/분석적 사고/ Tableau, Python 등의 데이터 분석 Tool 사용 가능자 (우대) 3) 기타요건 - 업무상 필요 시 국내 출장 - 남자의..."
https://kr.indeed.com/viewjob?jk=b8c6ad4bd3f32e3d,AI 개발자,넷아이디 서울 강남구,"연봉 35,000,000원 - 40,000,000원",인터넷·IT·통신·모바일·게임>응용프로그래머>머신러닝(ML)|인터넷·IT·통신·모바일·게임>응용프로그래머> Python|인터넷·IT·통신·모바일·게임>ERP·시스템분석·설계>인공지능(AI)서비스기획|인터넷·IT·통신·모바일...
https://kr.indeed.com/viewjob?jk=a5c489cddcd4143e,Solutions Architect,Akamai 서울,,"Linux/Unix systems alongside scripting languages... Python, PERL and JavaScript Demonstrate experience in a technical..."
https://kr.indeed.com/viewjob?jk=6f88041c28b6c1ae,한글 Q&A 시스템 연구 개발 신입/경력사원,포티투마루 서울 관악구,,"중(9월예정) [지원자격] - 4년제 대학교 졸업 (전산관련학과 이수 또는 그에 상응하는 교육이수자) - Python, Java, C/C++ 등으로 개발 가능하신 분 - Unix/Linux 시스템에 대한 이해가 있으신 분..."
https://kr.indeed.com/viewjob?jk=5b2574aec8e1d083,딥러닝 개발자 정규직,바이오에이아이 서울 강남구,,"라우드 기반 인프라 활용 - 데이터 수집, 전처리, 통합 자격 조건 - 데이터, 딥러닝 분야에 대한 이해 - Python 코딩능력 - 리눅스 사용 경험 우대 사항 - 영어 리딩 능력 - 의약분야 프로젝트 경험 - 플랫폼개발에..."
https://kr.indeed.com/viewjob?jk=35ba221c73ad31a2,Data Engineer,Barbaricum 경기도 평택,,"data APIs, data modeling, and data warehousing solutions. R, Python, Ruby, C++, Perl, Java, SAS, SPSS, and Matlab. Strong..."
https://kr.indeed.com/viewjob?jk=ce0ded2592265e1c,데이터 엔지니어,RIDI Corp 서울,,"에서의 데이터 파이프라인 구축 및 운영 경험 GA, Tableau 등 외부 분석/시각화 도구에 대한 지식 Python, Java, Scala 중 하나 이상을 이용한 개발 경험 추가 정보 지원 서류 안내 제출서류 : 이력..."
https://kr.indeed.com/viewjob?jk=750c98eeab414ede,Senior DBA – BI (Korea),FPT Software 대한민국,,"CSV Experience with other technologies... Java, Python, .NET, Node.js, and Oracle APEX. Skill requirement: Ability..."
https://kr.indeed.com/viewjob?jk=2d0dbed939566077,솔루션 개발자,고도소프트 서울 구로구,,"유사 쇼핑몰 솔루션 개발 경험 있으신 분 - 분산환경에서의 Application 개발 경험 있으신 분 - PHP 외 Java, Python등의 언어로 개발 경험 있으신 분 - 클라우드 환경에서의 개발 경험 있으신 분 비고"
https://kr.indeed.com/viewjob?jk=5200e54b6e9c0efd,"Product Applications Specialist, 3D visu...",Thermo Fisher Scientific 3.5 경기도 용인,,"machine and deep learning. - Programming experience is a plus ( Python scripting, C++, Matlab... Excellent communication..."
https://kr.indeed.com/viewjob?jk=b21e60940a65c3e5,Senior Knowledge Management (Search and...,Coupang 2.7 서울,,"skills [Preferred Qualifications] Experience in coding ( Python, SQL) Good understanding of e-Commerce service Proactive..."
https://kr.indeed.com/viewjob?jk=7268328c0d71d81c,Junior Full-Stack Developer,Asiance 서울,,"React 혹은 WordPress 등의 CMS도 사용. • Python, Node.js, Java, PHP for backend development. • Python, Node.js, Java, PHP 등을 사용하여 백엔드..."
https://kr.indeed.com/viewjob?jk=1c2dec1a2156f6aa,(데이터개발) API플랫폼 개발자,Nexon 성남 분당구,,"architecture를 구현하고 이를 효과적으로 관리할 수 있는 기반 개발 지원자격 - Java, Go, Python 중 한 가지 이상의 언어를 이용한 웹 서비스 개발 경험이 있으신 분 - MySQL 등의 RDBMS..."
https://kr.indeed.com/viewjob?jk=10801913e0cc1dea,Senior Applications Engineer - Transport...,National Instruments 서울,,"power grid, etc. Text-Based Programming, C++, VB, Java, Python, etc. Experience in developing in RT based microcontrollers..."
https://kr.indeed.com/viewjob?jk=774afc35e3ec6e5a,[AI/Lab] Recommendation System 리서치 엔지니어,버즈니 서울,,있으신 분 논문을 빠르고 정확하게 이해하고 구현할 수 있으신 분 최신 추천 기술 동향을 파악하고 계신 분 Python 사용 능력이 능숙하신 분 ※ 참고사항 : 해당 직군은 상세 경력기술서 제출이 필수입니다. 이런 분은...
https://kr.indeed.com/viewjob?jk=8ec9534b115e27bf,"Actuary, Valuation & IFRS 17 - Life & He...",Munich RE 서울,,"modeling skills (essential); Good experience in SQL, VBA and Python/R; Strong analytical, solution-oriented, problem solving..."
https://kr.indeed.com/viewjob?jk=27d7e0e6e1cd10f0,Application Engineer - HAV,Mentor Graphics (Korea) LLC 4.0 경기도 성남,,"C/C++ for IP verification Knowledge of scripting using Perl, Python, Makefile with UNIX... LINUX platforms Knowledge..."
https://kr.indeed.com/viewjob?jk=b0a6480d9ba97da1,전 분야 R&D 개발자 (병역특례자),스칼라웍스 서울 금천구,"연봉 30,000,000원 - 32,000,000원","Development 관련 개발 2) Data Analysis 업무 (R, SQL 등의 활용) 3) Python Application 관련 개발 업무 4) 전산 이론 기초 (Data Structure, Algorithm) 5..."
https://kr.indeed.com/viewjob?jk=f837dc18688a1d0f,[PUBG: NEW STATE] Data Engineer,PUBG 서울,,"pubg/xtrm-data 자격 요건 관련 경력 2년 이상 전산학 관련 이해 혹은 관련 분야 전공자 Python, Scala, 또는 Go 프로그래밍 언어 중 하나 이상의 언어를 능숙하게 사용할 줄 아시는 분 Hadoop..."
https://kr.indeed.com/viewjob?jk=7248e9e3a239c8bc,Senior Business Analyst (Growth Analytic...,Coupang 2.7 서울,,"Master's degree in related field Business-level experience with R, Python, or Scala Familiarity with Git, Airflow, or other..."
https://kr.indeed.com/viewjob?jk=d736ed8b3142b924,Software Engineer - Embedded,GE Appliances 경기도 성남,,"C (must have) and C++(optional), lua(optional), python(optional) and Object Oriented Programming. Deep knowledge..."
https://kr.indeed.com/viewjob?jk=c71c1fa9e0d43937,악성코드 및 엔드포인트 위협 대응 보안 엔지니어 모집,카카오 4.0 성남 판교역,,"경력 3년 이상 Windows, OSX, Linux 시스템 조사 가능자 Python, node.js 언어로 개발 가능자 다양한 보안 제품에 대한 경험... API 활용 SOAR 구성 Python/Linux shell script..."
https://kr.indeed.com/viewjob?jk=4ec305f59ce64060,게임이상탐지 분석/개발,Nexon 성남 분당구,,"기법 적용에 필요한 프로그래밍 능력 ( Python) - SQL 활용 능력... 대시보드 개발 능력 솔루션 개발자 - 한 가지 이상의 개발 언어( Python, Java, Scala)에 숙련된 프로그래밍 능력 - Linux..."
https://kr.indeed.com/viewjob?jk=e8477fb56aa56c85,"Site Reliability Engineer, APAC",Canonical - Jobs 서울,,maintaining enterprise open-source software solutions Python software development experience... large projects Strong...
https://kr.indeed.com/viewjob?jk=5d2bbe4c649db4f4,DevOps Engineer,Toss 서울 강남구,,"요건 - 4년 이상의 소프트웨어 엔지니어링 혹은 시스템 운영 경험이 있으신 분 - C, Golang, Python, Javascript 중 하나 이상의 언어에 능숙하신 분 - 대규모의 분산환경에서 ELK 기반 metric..."
https://kr.indeed.com/viewjob?jk=f94ac3f1ca1d9088,인공지능개발자 및 웹 개발,애니로직 서울 금천구,,"직무내용] 인공지능을 개발 할 수 있는 인재를 구인합니다. Python으로 개발합니다.웹은 Java, javascript를 사용합니다.주 40시간가산디지털 단지내 [근무시간 및 형태] 주 5일 근무 (오전) 9시 00분~(오후..."
https://kr.indeed.com/viewjob?jk=83bfec401a3d0187,Digital Demand Executive,SAP 4.3 서울,,experience with digital marketing tools and proficiency in Python and Web Crawling. • Effective delivery of analysis results...
https://kr.indeed.com/viewjob?jk=f82d43304292790f,Security Engineer,Amazon Web Services Korea LLC 서울,,"C, and C++ · Experience with scripting languages... Python, Perl, or Ruby Amazon Devices designs and engineers high..."
https://kr.indeed.com/viewjob?jk=cc811cbb6b00e457,데이터 분석가,스포카 서울 역삼동,,"으로 제시하실 수 있는 분을 찾습니다. [우대사항] -1가지 이상의 프로그래밍 언어를 구사하시는 분 Python, R 등의 프로그래밍 언어를 1개 이상 능숙하게 사용 가능하신 분을 선호합니다. -데이터 웨어하우징 인프..."
https://kr.indeed.com/viewjob?jk=6ff3488d913b3389,Senior Data Warehouse Consultant,Amazon Web Services Korea LLC 서울,,"bash, perl or python) ability · Ability... 평가 경험 · SQL 및 핸즈온 스크립팅 (bash, perl 또는 python) 경험 · 고객 / 파트너 팀과 관련된 업무를 주도 할 수있는 능력..."
https://kr.indeed.com/viewjob?jk=04d685fc70b67d4e,Linux/Python/PHP/MySQL/백엔드 정규직 경력,일루미나리안 용인 보정동,,"보유 - DBMS(MySQL or MariaDB), scripting Language: bash, python, OOP 언어 중 가능자 - Back-End 서버를 개발해 보신 분 [우대사항] - Go(aka GoLang..."
https://kr.indeed.com/viewjob?jk=180df652a6047132,엘리스 백엔드 개발자,엘리스 서울 강남구,,"및 설계 【자격 요건】 • Python 기반 백엔드 프로젝트 개발 및... 온라인 교육 소프트웨어 운영/개발 경험 【기술 스택】 • Python 3.7+ • Python 기반 웹 프레임워크 (aiohttp, django..."
https://kr.indeed.com/viewjob?jk=ffacf5c4b4ca412c,물류 수/배송 최적화 및 거점 네트워크 설계 전문가 (유명 대기업),바이커리어 서울,,"물류 관련 GIS 분석 및 구축 경험 (Skill/Qualification) - C, C++, Java, Python - Gurobi, Cplex Solver 경력사항: 해당 경력(3년 이상 ) 학력사항: 대학교(4년)졸업..."
https://kr.indeed.com/viewjob?jk=8289fe02a353fc85,"Engineering Manager, Messaging Server",Sendbird 서울,,experience building SaaS-based API Proficient in Python or Java Ability to find the optimal solution given the resource...
https://kr.indeed.com/viewjob?jk=3330430ae94277db,[타다]데이터 분석가/사이언티스트,쏘카 제주도 제주,,"통계에 대한 지식 및 머신러닝에 대한 지식을 보유하고 있으며, 데이터 분석 실무 경험이 풍부하신 분 • R, Python(Pandas, Numpy, Scikit-learn) 등의 데이터 분석을 위한 언어를 1개 이상 능숙하게..."
https://kr.indeed.com/viewjob?jk=194bbf20319d9f24,"Systems Engineer, Ground Truth Automatio...",NVIDIA 서울,,"deep understanding of programming languages in C, C++, and Python. Experienced in developing system software mostly in user..."
https://kr.indeed.com/viewjob?jk=be6c1f03fa566f8e,추천 시스템 연구/개발,카카오 4.0 성남 판교역,,"분야 석사 또는 박사 학위 소지자 적어도 하나 이상의 능숙한 프로그래밍 언어가 있으신 분 우대사항 Python, C++, GPU 프로그래밍 숙련자 TensorFlow, PyTorch, implicit 등 머신러닝/추천..."
https://kr.indeed.com/viewjob?jk=8ad8f768cd99afcf,"Applications Engineer (P&R, physical des...",Synopsys 서울,,"development. Proficiency in programming and scripting (TCL, Python, Shell). Able to resolve wide range of technical issues..."
https://kr.indeed.com/viewjob?jk=fdd1ec500461c093,"프론트엔드, 백엔드 개발 경력 정규직",토이스미스 서울 강남구,,"으로도 지원 가능 우대사항 l JavaScript 이외의 개발언어 능력 (JAVA, TypeScript, Python 등) l Node & React 스택의 개발자 l Spring Framework 및 오픈소스 활용 경험 l..."
https://kr.indeed.com/viewjob?jk=41a3c612bb095e66,"경력직원 수시 (IT본부, 대체투자본부)",KIS채권평가 대한민국,,"개발 및 운영 -Django( Python)으로 개발된 시스템 운영 *필요... 서버의 관리 경험 - CD/CI에 대한 구성/관리 경험 - VBA, Python 개발 경험 (2) 모집부서: <대체투자본부> *포지션: 경력 *담당..."
https://kr.indeed.com/viewjob?jk=c08c3a30bbe8dea0,배달로봇 dilly 로봇 소프트웨어 개발자(자율주행) (5년이상),우아한 형제들 서울 송파구,,"ROS2) 기반의 이동로봇 개발 경험이 있는 분 - 컴퓨터 비전, 머신러닝 경험이 있는 분 - C/C++, Python 활용이 가능한 분 - 영어문서작성 및 회화 능력을 갖춘 분 - 다양한 직군과의 원활한 협업 및 의사소통..."
https://kr.indeed.com/viewjob?jk=b2260d1fb794c644,Cloud Support Engineer - Linux,Amazon Web Services Korea LLC 서울,,"NoSQL(Redis, Memcached). · Programming/scripting in Python/Java/Shell/Perl/Ruby/PHP/etc. · Experience managing full..."
https://kr.indeed.com/viewjob?jk=c95b33d0f1a6febf,[대기업 면세점] 데이터 분석 전문가 초빙,TrueHR 서울 중구,,- R 또는 Python을 이용한 Data Analysis Process 수행... 경력(9년 이상 15년 이하)학력사항: 대학교(4년)졸업- R 또는 Python을 이용한 Data Analysis Process 수행 및 리딩이 가능...
https://kr.indeed.com/viewjob?jk=9ab2041ab3380a21,카카오톡 안티어뷰징을 위한 데이터/백엔드 엔지니어 및 머신러닝 전문가 모...,카카오 4.0 성남 판교역,,"Engineer, Data Scientist 해당 분야에서 활용되는 언어 및 도구를 능숙하게 다룰 수 있는 분( Python, Scala, PyMC, PySpark, Tensorflow 등) 우대 사항 컨테이너 환경에서의..."
https://kr.indeed.com/viewjob?jk=e52ebd56cd686d19,Data Scientist,Motion2AI 서울,,"thinking to define unstructured problems - Experience with Python (pandas, numpy), R, SQL... VBA to deal... large..."
https://kr.indeed.com/viewjob?jk=a7a22c905ff6f1ea,"웹개발, ASP 외 신입/경력 정규직",엔잡얼라이언스 서울 금천구,,및 유지보수AI관련 개발 담당 Python 개발자(0명)- AI 솔루션... 게임>웹프로그래머> Python|인터넷·IT·통신·모바일·게임>웹디자인>웹디자인|인터넷·IT·통신·모바일·게임>빅데이터·AI(인공지능)> Python
